component_id,trial_id,trial_accepted,length_mm,width_mm,height_mm,volume_mm3,surface_area_mm2,solid_count,face_count,edge_count,vertex_count,length_width_ratio,length_height_ratio,width_height_ratio,surface_area_volume_ratio,melt_temperature_C,die_temperature_C,filling_time_s,intensification_pressure_MPa,fast_shot_speed_m_s,vacuum_pressure_mbar_abs,cooling_time_s,gate_velocity_m_s
DEMO_PART_01,DEMO_TRIAL_01_1,1,146.0934072833945,55.11027518016419,52.929895995569126,366153.9873178799,39163.080459289,1,24,78,38,2.6509286481657384,2.760130254093533,1.0411937175311583,0.1069579516152837,681.4425722110782,187.68681796053275,0.0615270156526897,74.83192096930325,3.8169124721215044,189.45707041371298,13.227616132708299,36.08535497068328
DEMO_PART_01,DEMO_TRIAL_01_2,1,146.0934072833945,55.11027518016419,52.929895995569126,366153.9873178799,39163.080459289,1,24,78,38,2.6509286481657384,2.760130254093533,1.0411937175311583,0.1069579516152837,659.0895488713911,213.2750872209501,0.03446720792729227,93.10524687970329,3.079160997805162,208.87491581451354,8.545259681298685,49.26745060987258
DEMO_PART_01,DEMO_TRIAL_01_3,1,146.0934072833945,55.11027518016419,52.929895995569126,366153.9873178799,39163.080459289,1,24,78,38,2.6509286481657384,2.760130254093533,1.0411937175311583,0.1069579516152837,685.7248448528879,226.70300982442572,0.04362470954963773,78.66884014908138,1.609509414468072,106.22921365148314,11.830489532424547,43.61905389769543
DEMO_PART_02,DEMO_TRIAL_02_1,1,175.1264598651315,46.06602865105216,28.522985301743443,181983.0056433627,31476.826870133107,1,32,43,13,3.801640058701513,6.139836276339105,1.6150493422663024,0.17296574896569816,669.0281970490373,193.61456094305305,0.07688697962777573,77.48607675489323,3.5816954901445937,199.04506734038233,8.12366641382041,45.80649503488003
DEMO_PART_02,DEMO_TRIAL_02_2,1,175.1264598651315,46.06602865105216,28.522985301743443,181983.0056433627,31476.826870133107,1,32,43,13,3.801640058701513,6.139836276339105,1.6150493422663024,0.17296574896569816,682.1905742998721,203.24870274181046,0.05018296727511709,87.29982015899901,1.8493812090232744,113.98439442076841,5.073622697510055,44.673109437553464
DEMO_PART_02,DEMO_TRIAL_02_3,1,175.1264598651315,46.06602865105216,28.522985301743443,181983.0056433627,31476.826870133107,1,32,43,13,3.801640058701513,6.139836276339105,1.6150493422663024,0.17296574896569816,676.5940342636812,222.3099227175801,0.08465103217153776,78.3566310215336,2.9218529898822343,103.76548968170177,6.145300735359735,41.71007404476179
DEMO_PART_03,DEMO_TRIAL_03_1,1,100.66443092146987,65.2188885184951,48.24994287080128,266219.762017529,37203.310195038015,1,10,50,41,1.5434858398870588,2.0863119193947797,1.3516884091061314,0.1397466135237113,651.2327133827175,206.20304335394175,0.04502092709736705,76.34114574898544,3.633507683170415,119.76971259710793,5.58302741689066,32.03459730054991
DEMO_PART_03,DEMO_TRIAL_03_2,1,100.66443092146987,65.2188885184951,48.24994287080128,266219.762017529,37203.310195038015,1,10,50,41,1.5434858398870588,2.0863119193947797,1.3516884091061314,0.1397466135237113,661.7437503106673,219.7149908836137,0.06899225066388948,91.35592836425654,3.160783850818469,149.085766444812,13.140203846660347,29.1743229976926
DEMO_PART_03,DEMO_TRIAL_03_3,1,100.66443092146987,65.2188885184951,48.24994287080128,266219.762017529,37203.310195038015,1,10,50,41,1.5434858398870588,2.0863119193947797,1.3516884091061314,0.1397466135237113,650.9084829253544,185.4028716465385,0.08056515454175153,78.4750892100555,1.9031794475840045,165.17761176757182,6.523121027131684,42.4080093769434
DEMO_PART_04,DEMO_TRIAL_04_1,1,96.9234413361046,49.30946393344342,25.075604457393826,100557.93815635219,19948.156094339825,1,17,77,11,1.9656153931612246,3.865248452965034,1.9664317172184442,0.19837475250659475,654.7202360848206,237.7138598729709,0.0936006483495325,87.98828535242998,2.164674903648799,244.75998414911305,12.787509039657946,42.92225472897489
DEMO_PART_04,DEMO_TRIAL_04_2,1,96.9234413361046,49.30946393344342,25.075604457393826,100557.93815635219,19948.156094339825,1,17,77,11,1.9656153931612246,3.865248452965034,1.9664317172184442,0.19837475250659475,667.9744600857515,196.33449371070955,0.03674736735074495,96.10409586175366,2.639440724584028,114.40177201518915,8.059566241506525,39.4804892235474
DEMO_PART_04,DEMO_TRIAL_04_3,1,96.9234413361046,49.30946393344342,25.075604457393826,100557.93815635219,19948.156094339825,1,17,77,11,1.9656153931612246,3.865248452965034,1.9664317172184442,0.19837475250659475,657.0709113175693,231.39685704554253,0.08309636708846471,88.77851823803746,2.5802325994377595,186.64250291941534,10.840979689127355,41.2461650388705
DEMO_PART_05,DEMO_TRIAL_05_1,1,42.666648170983365,29.42496009189179,12.080708693094625,12106.177750065386,4954.175266684069,1,29,21,36,1.45001549832995,3.5318001000530517,2.4356981729649023,0.4092270383736363,673.5057828871085,190.23557811221318,0.09475840828637581,83.2424455880158,2.3671745113370926,180.45563355184083,5.228038710296975,48.96398033103613
DEMO_PART_05,DEMO_TRIAL_05_2,1,42.666648170983365,29.42496009189179,12.080708693094625,12106.177750065386,4954.175266684069,1,29,21,36,1.45001549832995,3.5318001000530517,2.4356981729649023,0.4092270383736363,669.292137477716,226.96411363501716,0.035791099994570696,79.46633323352641,2.7267674858863025,239.43049734574709,10.717280523760753,36.83723502642385
DEMO_PART_05,DEMO_TRIAL_05_3,1,42.666648170983365,29.42496009189179,12.080708693094625,12106.177750065386,4954.175266684069,1,29,21,36,1.45001549832995,3.5318001000530517,2.4356981729649023,0.4092270383736363,660.6790265236757,199.89413984055312,0.06644706817300765,77.55645841220186,1.5540301997008261,220.46962711304081,13.961607718397667,28.50622722496527
DEMO_PART_06,DEMO_TRIAL_06_1,1,113.10542153085741,28.686059290835484,43.61200465199058,103914.31307996361,25073.99279357466,1,11,61,38,3.942870660069782,2.5934469748272613,0.6577560357461387,0.24129489047653954,680.7458996767062,186.4644567573538,0.09412082915963256,69.20855963579524,1.5935313904404493,174.32491979655217,8.709222838624388,45.74474357831033
DEMO_PART_06,DEMO_TRIAL_06_2,1,113.10542153085741,28.686059290835484,43.61200465199058,103914.31307996361,25073.99279357466,1,11,61,38,3.942870660069782,2.5934469748272613,0.6577560357461387,0.24129489047653954,682.3300588825721,199.02833356936293,0.09670295765488215,71.63671352560475,2.7876428230792865,123.51406539649247,14.360435700489633,29.115195439550455
DEMO_PART_06,DEMO_TRIAL_06_3,1,113.10542153085741,28.686059290835484,43.61200465199058,103914.31307996361,25073.99279357466,1,11,61,38,3.942870660069782,2.5934469748272613,0.6577560357461387,0.24129489047653954,651.7964247756931,206.10582360018228,0.0994662894839086,95.66709065019656,3.371520048642373,231.43472344934924,13.934466396978632,37.971459009661224
DEMO_PART_07,DEMO_TRIAL_07_1,1,77.38935777461896,64.30529767287122,43.08306315838806,163397.34773112586,23209.173626821732,1,31,62,23,1.203467841301473,1.7962826248010557,1.4925888030863306,0.1420413118639659,687.4725260213512,194.4582345003411,0.03859305526880402,93.24450688499624,1.883210791561235,110.47561238681564,10.993827915208435,46.864051020936614
DEMO_PART_07,DEMO_TRIAL_07_2,1,77.38935777461896,64.30529767287122,43.08306315838806,163397.34773112586,23209.173626821732,1,31,62,23,1.203467841301473,1.7962826248010557,1.4925888030863306,0.1420413118639659,657.857386628583,198.6194203740057,0.08441833867688243,98.87305704243869,2.7518529655058557,104.46257543371263,5.139362877082015,30.741400749971383
DEMO_PART_07,DEMO_TRIAL_07_3,1,77.38935777461896,64.30529767287122,43.08306315838806,163397.34773112586,23209.173626821732,1,31,62,23,1.203467841301473,1.7962826248010557,1.4925888030863306,0.1420413118639659,655.2728887114608,220.65952041677144,0.03852827532399718,80.25319726482532,3.2356560891072164,178.7898235675534,6.997756516600576,45.10311315455657
DEMO_PART_08,DEMO_TRIAL_08_1,1,137.31106944237024,79.11872031324334,16.55288757786566,123564.8768199909,42292.78084947291,1,16,17,24,1.735506703075256,8.295294026281015,4.779753377836023,0.3422718650954912,662.0379476712376,209.315042721092,0.07640049489345077,98.2249302818788,2.2161155672051374,237.2174329830446,5.248594913862563,38.87995105817062
DEMO_PART_08,DEMO_TRIAL_08_2,1,137.31106944237024,79.11872031324334,16.55288757786566,123564.8768199909,42292.78084947291,1,16,17,24,1.735506703075256,8.295294026281015,4.779753377836023,0.3422718650954912,675.3590044672434,186.3538442250452,0.03982377179447388,76.76457277265214,3.9155797803579544,181.32723404984338,14.330232216002113,45.10902289032427
DEMO_PART_08,DEMO_TRIAL_08_3,1,137.31106944237024,79.11872031324334,16.55288757786566,123564.8768199909,42292.78084947291,1,16,17,24,1.735506703075256,8.295294026281015,4.779753377836023,0.3422718650954912,668.6952640622117,227.08580695513126,0.03124857487838914,64.3657598706294,3.573571537206841,215.4589050152775,7.326407419664337,38.269239764976334
DEMO_PART_09,DEMO_TRIAL_09_1,1,120.90237310500164,89.4191163020809,40.155357866936285,335908.82422708475,45718.51785294387,1,37,40,12,1.352086422958623,3.010865287407936,2.22682902237831,0.13610395010652276,684.699625270093,207.233812924578,0.04734876940659507,69.46649451990325,3.3650357006086162,218.81668978206477,6.052780798541249,26.663971423879453
DEMO_PART_09,DEMO_TRIAL_09_2,1,120.90237310500164,89.4191163020809,40.155357866936285,335908.82422708475,45718.51785294387,1,37,40,12,1.352086422958623,3.010865287407936,2.22682902237831,0.13610395010652276,673.777346550258,188.7703946515619,0.0877264933319439,72.41338695696298,1.8596798324278567,236.56498032286655,6.655317227352782,32.11800205844839
DEMO_PART_09,DEMO_TRIAL_09_3,1,120.90237310500164,89.4191163020809,40.155357866936285,335908.82422708475,45718.51785294387,1,37,40,12,1.352086422958623,3.010865287407936,2.22682902237831,0.13610395010652276,656.1445358076824,186.9294038199213,0.0314803611435508,62.21581636657041,1.9366036773396318,89.07492854661982,10.911438161109713,42.01786316998766
DEMO_PART_10,DEMO_TRIAL_10_1,1,89.04456852480423,41.955558083783444,35.226311851111504,120087.46868875262,23808.562480155164,1,28,48,9,2.122354524446703,2.527785733038487,1.1910289746231157,0.19826017435560345,657.2599363838609,194.20469226626375,0.047457130308254825,82.8493060697109,2.5406560642579805,88.37320038769099,8.736141384595715,38.09382371794093
DEMO_PART_10,DEMO_TRIAL_10_2,1,89.04456852480423,41.955558083783444,35.226311851111504,120087.46868875262,23808.562480155164,1,28,48,9,2.122354524446703,2.527785733038487,1.1910289746231157,0.19826017435560345,654.0668761161486,230.00751322731358,0.0336373306525573,96.99367476072248,1.7477828539496887,223.40774177161796,14.026531439276171,49.48926701466482
DEMO_PART_10,DEMO_TRIAL_10_3,1,89.04456852480423,41.955558083783444,35.226311851111504,120087.46868875262,23808.562480155164,1,28,48,9,2.122354524446703,2.527785733038487,1.1910289746231157,0.19826017435560345,682.0810352109437,226.76865244627973,0.07497382931968834,91.15985418312516,1.8363805210328676,171.13156611109832,10.142228701904145,46.439303603063934
DEMO_PART_11,DEMO_TRIAL_11_1,1,99.41990483902738,50.58377113479908,41.97816356185551,154097.12912663186,24234.82991582885,1,21,44,14,1.965450629888516,2.368371943963926,1.2050020020590722,0.15726983398836378,659.3027976211549,202.05070860690768,0.055647471487837316,73.09982257650182,2.4486601993173225,196.57636872751073,7.968764745712853,48.72144816788351
DEMO_PART_11,DEMO_TRIAL_11_2,1,99.41990483902738,50.58377113479908,41.97816356185551,154097.12912663186,24234.82991582885,1,21,44,14,1.965450629888516,2.368371943963926,1.2050020020590722,0.15726983398836378,686.6539207815272,208.85462569800472,0.05298528435032822,81.41739159320012,3.6214012219340614,190.93984789521733,13.043918279470773,38.3180569016435
DEMO_PART_11,DEMO_TRIAL_11_3,1,99.41990483902738,50.58377113479908,41.97816356185551,154097.12912663186,24234.82991582885,1,21,44,14,1.965450629888516,2.368371943963926,1.2050020020590722,0.15726983398836378,675.3167051707048,197.2893368509477,0.08144252136172037,68.09618372502874,3.2369953220462455,226.322241615402,6.321028373015439,40.359493513547996
DEMO_PART_12,DEMO_TRIAL_12_1,1,44.26436223449019,37.609026883608536,14.224660941176012,22041.248056736444,6047.498188570604,1,21,77,48,1.1769611155183148,3.111804380964786,2.6439313414312737,0.27437185829966254,682.0353670434039,215.62092026798126,0.0847836873240683,91.80459355932344,3.8650676570433258,123.07517015266183,10.900758953583091,27.37622993911003
DEMO_PART_12,DEMO_TRIAL_12_2,1,44.26436223449019,37.609026883608536,14.224660941176012,22041.248056736444,6047.498188570604,1,21,77,48,1.1769611155183148,3.111804380964786,2.6439313414312737,0.27437185829966254,674.6466280009648,190.27747824556732,0.06954654280307093,82.89722056135399,2.6649628824530684,168.84740183723088,12.639233900065879,44.981117912801665
DEMO_PART_12,DEMO_TRIAL_12_3,1,44.26436223449019,37.609026883608536,14.224660941176012,22041.248056736444,6047.498188570604,1,21,77,48,1.1769611155183148,3.111804380964786,2.6439313414312737,0.27437185829966254,669.6861286230171,215.97560649135673,0.09518653649830713,64.78934354004491,1.7927589147502763,94.91053202483063,11.578632850405278,35.46520751975949
DEMO_PART_13,DEMO_TRIAL_13_1,1,146.14821242127647,73.6985130646874,26.68188791641191,264256.2262493996,45959.78220525708,1,28,30,41,1.9830551030656178,5.477431465086897,2.7621176318395286,0.1739212841171855,662.5775992081706,189.45669891749998,0.04034483607795342,97.44509853502976,2.594760092996883,145.16436987215968,12.29685708677378,38.824826631322495
DEMO_PART_13,DEMO_TRIAL_13_2,1,146.14821242127647,73.6985130646874,26.68188791641191,264256.2262493996,45959.78220525708,1,28,30,41,1.9830551030656178,5.477431465086897,2.7621176318395286,0.1739212841171855,687.4455994735384,226.81808963456353,0.06355586948871783,75.05437893923305,3.966578862310805,202.01924012061937,14.511946600038412,27.961964430426033
DEMO_PART_13,DEMO_TRIAL_13_3,1,146.14821242127647,73.6985130646874,26.68188791641191,264256.2262493996,45959.78220525708,1,28,30,41,1.9830551030656178,5.477431465086897,2.7621176318395286,0.1739212841171855,684.0213471676313,218.22443303947244,0.03853451748345788,83.53031999876883,3.215240912763622,82.09145660106248,9.543179618417465,45.63498777990803
DEMO_PART_14,DEMO_TRIAL_14_1,1,74.30385380161349,44.900927994998824,32.11570635339466,79351.48680299071,20909.637366219824,1,19,62,40,1.6548400471787494,2.31362975436346,1.3980987215700071,0.26350656060337047,654.4235364398444,239.82207947025438,0.09154400170154217,71.35633751456156,3.5922414491523456,98.09132041813508,14.991047304742386,41.64211840266342
DEMO_PART_14,DEMO_TRIAL_14_2,1,74.30385380161349,44.900927994998824,32.11570635339466,79351.48680299071,20909.637366219824,1,19,62,40,1.6548400471787494,2.31362975436346,1.3980987215700071,0.26350656060337047,676.0050006223519,185.42644361904797,0.09279233792276377,61.15998012817877,2.102070145102868,104.31371877832795,12.767679406922186,29.955105680322447
DEMO_PART_14,DEMO_TRIAL_14_3,1,74.30385380161349,44.900927994998824,32.11570635339466,79351.48680299071,20909.637366219824,1,19,62,40,1.6548400471787494,2.31362975436346,1.3980987215700071,0.26350656060337047,686.4255290852354,219.3761423596494,0.032531389734628734,60.21719336514802,1.6291447925359974,183.0072802001137,13.014818108594152,30.963820515684713
DEMO_PART_15,DEMO_TRIAL_15_1,1,157.41132643846095,24.57855521226083,50.04819268208381,179757.5541359997,35974.22629839316,1,35,59,42,6.404417390650264,3.1451950210943553,0.4910977578828622,0.20012636726897182,651.6060519818826,192.1069266431433,0.038744657551395015,80.18123960771946,3.3629703208221113,187.10201357798778,13.51131099761935,28.880324811027272
DEMO_PART_15,DEMO_TRIAL_15_2,1,157.41132643846095,24.57855521226083,50.04819268208381,179757.5541359997,35974.22629839316,1,35,59,42,6.404417390650264,3.1451950210943553,0.4910977578828622,0.20012636726897182,679.3848436774065,191.58248945213424,0.04895311259224602,88.39618789125215,3.9505119622467046,183.96241301610183,5.545003149912956,40.407724248188316
DEMO_PART_15,DEMO_TRIAL_15_3,1,157.41132643846095,24.57855521226083,50.04819268208381,179757.5541359997,35974.22629839316,1,35,59,42,6.404417390650264,3.1451950210943553,0.4910977578828622,0.20012636726897182,651.6940220632067,233.04874268200905,0.07967047995704346,66.92511385690013,1.7293025145604952,111.20064890965423,14.800271795541924,36.464016061462246
DEMO_PART_16,DEMO_TRIAL_16_1,1,147.6121422512112,70.91266736862215,38.620657497931866,280373.20333181234,55700.904358595384,1,34,48,20,2.0816047079978754,3.8221032943086435,1.8361330946377472,0.19866700418112077,673.1206886323017,221.98655667534396,0.07544632086717162,97.62377638782074,1.871097474800145,166.41996553598017,9.04034390740766,36.85421823706545
DEMO_PART_16,DEMO_TRIAL_16_2,1,147.6121422512112,70.91266736862215,38.620657497931866,280373.20333181234,55700.904358595384,1,34,48,20,2.0816047079978754,3.8221032943086435,1.8361330946377472,0.19866700418112077,654.7687010479098,188.0456765923659,0.04946528820468801,72.18818415043324,2.569758034203375,183.8678829962268,11.34629117418263,35.29527241463926
DEMO_PART_16,DEMO_TRIAL_16_3,1,147.6121422512112,70.91266736862215,38.620657497931866,280373.20333181234,55700.904358595384,1,34,48,20,2.0816047079978754,3.8221032943086435,1.8361330946377472,0.19866700418112077,666.3513243771479,193.05771160181772,0.07118143738863059,72.68163645268952,1.5901495856934091,151.12800750666628,9.741326750901703,30.639821705105277
DEMO_PART_17,DEMO_TRIAL_17_1,1,115.86868996831736,65.26175203455367,45.10010905551857,287966.9808635529,41724.88437910856,1,27,33,18,1.7754455918831171,2.56914434121838,1.4470420005906406,0.1448946829042147,671.9657753439872,205.8850917107934,0.073820873665874,74.42629337801017,2.7818481115168954,205.23996704197745,13.864028867237078,48.02642993237979
DEMO_PART_17,DEMO_TRIAL_17_2,1,115.86868996831736,65.26175203455367,45.10010905551857,287966.9808635529,41724.88437910856,1,27,33,18,1.7754455918831171,2.56914434121838,1.4470420005906406,0.1448946829042147,670.1453170073239,211.21650688443415,0.08599092875346856,72.57802766976805,3.5934559058626716,164.00407990796197,6.1585672433526835,26.801478676823592
DEMO_PART_17,DEMO_TRIAL_17_3,1,115.86868996831736,65.26175203455367,45.10010905551857,287966.9808635529,41724.88437910856,1,27,33,18,1.7754455918831171,2.56914434121838,1.4470420005906406,0.1448946829042147,683.6797284415785,183.33407501441266,0.049642800529355914,73.36520162006184,1.9324861129789845,133.36187286633816,12.426925667250856,25.36707108900177
DEMO_PART_18,DEMO_TRIAL_18_1,1,154.07601367810298,88.52384188596466,28.613078659577408,271657.34149216715,53527.71287722844,1,33,57,13,1.7405030147311256,5.384810754243338,3.0938244338951564,0.19704128952749778,664.5967744431301,237.50575085405833,0.0996825130808546,90.88419565418343,2.2774037748019156,196.90305835823574,12.054063654840128,34.696042379091246
DEMO_PART_18,DEMO_TRIAL_18_2,1,154.07601367810298,88.52384188596466,28.613078659577408,271657.34149216715,53527.71287722844,1,33,57,13,1.7405030147311256,5.384810754243338,3.0938244338951564,0.19704128952749778,675.6355453834464,180.64365869854058,0.0446340361021569,81.00353211869044,1.9093782606457397,108.20416753901071,13.363042905502379,49.72832506709014
DEMO_PART_18,DEMO_TRIAL_18_3,1,154.07601367810298,88.52384188596466,28.613078659577408,271657.34149216715,53527.71287722844,1,33,57,13,1.7405030147311256,5.384810754243338,3.0938244338951564,0.19704128952749778,672.2387771211379,230.3441838529028,0.09932251650283909,65.66383554275099,2.620614033135878,146.7373616931264,5.80049283646185,43.88325431986861
DEMO_PART_19,DEMO_TRIAL_19_1,1,95.06685409838894,55.23089649331504,17.53364869066201,64837.70521680836,22925.115478177002,1,38,15,34,1.7212621944294442,5.421966401609223,3.1499944744946133,0.35357691024872906,661.6823732125812,209.41185254409518,0.07105116211103571,79.73159903402666,1.710288336392205,121.4234671894713,13.435883847625412,40.939717511961476
DEMO_PART_19,DEMO_TRIAL_19_2,1,95.06685409838894,55.23089649331504,17.53364869066201,64837.70521680836,22925.115478177002,1,38,15,34,1.7212621944294442,5.421966401609223,3.1499944744946133,0.35357691024872906,675.965962005371,220.2121953210813,0.08340321133276704,62.32433926885789,2.416520962331531,171.71966399448536,8.384564832973261,46.11197183217966
DEMO_PART_19,DEMO_TRIAL_19_3,1,95.06685409838894,55.23089649331504,17.53364869066201,64837.70521680836,22925.115478177002,1,38,15,34,1.7212621944294442,5.421966401609223,3.1499944744946133,0.35357691024872906,669.3029003434917,226.11765536756275,0.08964108618168184,80.19165931613992,3.7738806096783746,179.8110698912867,13.502742988337218,33.514769889788106
DEMO_PART_20,DEMO_TRIAL_20_1,1,104.82254377972278,62.51288328036622,15.248985794803529,76897.26914369458,26560.769543971623,1,15,54,34,1.6768150544200702,6.874066589756,4.099478097859403,0.3454058881380907,657.1002632974787,200.3313381365763,0.043412210676388986,60.9929252719429,3.8186511462600667,156.19524580366817,8.075350724207862,39.961929788943415
DEMO_PART_20,DEMO_TRIAL_20_2,1,104.82254377972278,62.51288328036622,15.248985794803529,76897.26914369458,26560.769543971623,1,15,54,34,1.6768150544200702,6.874066589756,4.099478097859403,0.3454058881380907,650.2925782517207,196.68132639604883,0.07921234259892249,85.35079092277051,3.9545148688563385,185.46081064186748,9.775058736277327,44.035814079600186
DEMO_PART_20,DEMO_TRIAL_20_3,1,104.82254377972278,62.51288328036622,15.248985794803529,76897.26914369458,26560.769543971623,1,15,54,34,1.6768150544200702,6.874066589756,4.099478097859403,0.3454058881380907,686.1331148785621,223.2417568031011,0.09742478564845658,91.28020682952709,3.6670035956548164,99.39769210121833,12.324135029937878,36.002217488184215
