component_id,trial_id,data_source,generation_seed,length_mm,width_mm,height_mm,volume_mm3,surface_area_mm2,solid_count,face_count,edge_count,vertex_count,length_width_ratio,length_height_ratio,width_height_ratio,surface_area_volume_ratio,melt_temperature_C,die_temperature_C,filling_time_s,intensification_pressure_MPa,fast_shot_speed_m_s,vacuum_pressure_mbar_abs,cooling_time_s,gate_velocity_m_s
DUMMY_PART_0000,DUMMY_TRIAL_0000_00,synthetic_dummy,20261009,180.31921,87.135288,75.588167,323112.38,95289.108,2,111,216,300,2.0694166,2.3855482,1.1527636,0.29491012,677.60518,211.1763,0.084831714,58.646443,2.4803811,125.37979,6.9553589,36.530097
DUMMY_PART_0000,DUMMY_TRIAL_0000_01,synthetic_dummy,20261009,180.31921,87.135288,75.588167,323112.38,95289.108,2,111,216,300,2.0694166,2.3855482,1.1527636,0.29491012,680.0773,219.18083,0.094932571,57.23489,2.4499819,110.33849,7.8650545,37.071583
DUMMY_PART_0001,DUMMY_TRIAL_0001_00,synthetic_dummy,20261009,79.445,82.940801,28.779748,62163.822,30274.302,1,184,546,140,0.95785185,2.7604481,2.8819155,0.48700837,674.9919,206.35583,0.074637154,60.083321,2.4485664,115.90385,5.7766782,35.102094
DUMMY_PART_0001,DUMMY_TRIAL_0001_01,synthetic_dummy,20261009,79.445,82.940801,28.779748,62163.822,30274.302,1,184,546,140,0.95785185,2.7604481,2.8819155,0.48700837,675.07177,203.81952,0.07927432,61.692201,2.4128238,112.46871,6.0123755,33.417217
DUMMY_PART_0002,DUMMY_TRIAL_0002_00,synthetic_dummy,20261009,297.08857,138.46377,13.327276,124208.36,83363.422,3,90,117,120,2.1456051,22.29177,10.389503,0.67115787,682.14451,218.45707,0.10493076,57.806422,2.4192254,114.91525,8.2978421,32.180397
DUMMY_PART_0002,DUMMY_TRIAL_0002_01,synthetic_dummy,20261009,297.08857,138.46377,13.327276,124208.36,83363.422,3,90,117,120,2.1456051,22.29177,10.389503,0.67115787,683.4024,219.60529,0.10178195,60.501076,2.3342546,126.65875,8.2490852,34.408485
DUMMY_PART_0003,DUMMY_TRIAL_0003_00,synthetic_dummy,20261009,202.33856,148.87395,95.868042,866132.95,146296.74,3,222,593,244,1.3591267,2.1105945,1.5529049,0.16890794,678.20329,217.63312,0.087945762,57.112086,2.7180024,108.76611,8.2295602,33.60959
DUMMY_PART_0003,DUMMY_TRIAL_0003_01,synthetic_dummy,20261009,202.33856,148.87395,95.868042,866132.95,146296.74,3,222,593,244,1.3591267,2.1105945,1.5529049,0.16890794,679.62698,214.44828,0.094610362,60.88168,2.3739684,127.1543,8.5054578,36.117216
DUMMY_PART_0004,DUMMY_TRIAL_0004_00,synthetic_dummy,20261009,256.04777,131.24098,40.472111,762544.7,84206.781,1,171,467,26,1.9509741,6.3265236,3.2427511,0.11042865,683.63219,218.40695,0.087533101,60.485398,2.3694325,118.88875,8.5392519,38.113534
DUMMY_PART_0004,DUMMY_TRIAL_0004_01,synthetic_dummy,20261009,256.04777,131.24098,40.472111,762544.7,84206.781,1,171,467,26,1.9509741,6.3265236,3.2427511,0.11042865,683.96515,216.29573,0.093110423,59.054365,2.5740473,110.53863,9.0498424,37.427101
DUMMY_PART_0005,DUMMY_TRIAL_0005_00,synthetic_dummy,20261009,209.01913,67.510678,101.94712,711227.99,79720.468,3,232,372,139,3.0960899,2.0502701,0.66221273,0.11208849,675.04247,214.18606,0.085087653,60.407156,2.3647786,101.33088,8.4887082,36.523562
DUMMY_PART_0005,DUMMY_TRIAL_0005_01,synthetic_dummy,20261009,209.01913,67.510678,101.94712,711227.99,79720.468,3,232,372,139,3.0960899,2.0502701,0.66221273,0.11208849,679.05892,212.70742,0.089246772,60.109701,2.6022974,121.73943,8.1642,37.652806
DUMMY_PART_0006,DUMMY_TRIAL_0006_00,synthetic_dummy,20261009,179.68936,33.091928,61.478554,98902.164,33253.679,1,134,582,262,5.4300056,2.9227974,0.53826784,0.33622802,676.98538,213.1929,0.093467718,63.964861,2.3085403,125.49334,7.3543362,34.929534
DUMMY_PART_0006,DUMMY_TRIAL_0006_01,synthetic_dummy,20261009,179.68936,33.091928,61.478554,98902.164,33253.679,1,134,582,262,5.4300056,2.9227974,0.53826784,0.33622802,680.54534,214.04185,0.077105781,57.906921,2.5231456,116.91267,7.1402063,36.339872
DUMMY_PART_0007,DUMMY_TRIAL_0007_00,synthetic_dummy,20261009,173.95957,71.475794,77.316137,516415.31,72669.428,1,109,161,85,2.4338249,2.2499775,0.92446153,0.14071897,679.69622,214.67572,0.080822491,63.950626,2.4271787,118.38906,7.5567902,39.346436
DUMMY_PART_0007,DUMMY_TRIAL_0007_01,synthetic_dummy,20261009,173.95957,71.475794,77.316137,516415.31,72669.428,1,109,161,85,2.4338249,2.2499775,0.92446153,0.14071897,679.85435,206.89442,0.080676014,63.419341,2.5609127,113.53207,7.3977946,36.492207
DUMMY_PART_0008,DUMMY_TRIAL_0008_00,synthetic_dummy,20261009,98.072148,131.58918,87.932629,289573.43,57012.05,2,167,381,215,0.74529037,1.1153101,1.4964773,0.19688288,675.44583,210.1797,0.077115879,62.684818,2.3913649,125.9978,6.1513974,36.974137
DUMMY_PART_0008,DUMMY_TRIAL_0008_01,synthetic_dummy,20261009,98.072148,131.58918,87.932629,289573.43,57012.05,2,167,381,215,0.74529037,1.1153101,1.4964773,0.19688288,677.17163,203.62793,0.075849478,62.014545,2.3469034,128.47252,6.2008717,34.886785
DUMMY_PART_0009,DUMMY_TRIAL_0009_00,synthetic_dummy,20261009,67.098574,67.329566,44.185501,82866.648,20095.746,3,82,578,123,0.99656923,1.5185654,1.5237932,0.24250704,675.12513,212.03019,0.067544726,58.220255,2.4346241,107.77651,6.0455516,37.472651
DUMMY_PART_0009,DUMMY_TRIAL_0009_01,synthetic_dummy,20261009,67.098574,67.329566,44.185501,82866.648,20095.746,3,82,578,123,0.99656923,1.5185654,1.5237932,0.24250704,675.70464,206.99882,0.078279393,64.778467,2.4626117,121.0171,5.9227087,35.683146
DUMMY_PART_0010,DUMMY_TRIAL_0010_00,synthetic_dummy,20261009,248.01102,98.975004,78.562975,1075620.6,88983.398,3,64,175,69,2.5057945,3.1568436,1.2598174,0.082727492,682.24547,231.19192,0.087984846,66.274719,2.4750227,113.39484,9.596056,39.053116
DUMMY_PART_0010,DUMMY_TRIAL_0010_01,synthetic_dummy,20261009,248.01102,98.975004,78.562975,1075620.6,88983.398,3,64,175,69,2.5057945,3.1568436,1.2598174,0.082727492,686.93777,213.19698,0.089256782,60.419927,2.3384064,108.36975,9.1047669,38.536435
DUMMY_PART_0011,DUMMY_TRIAL_0011_00,synthetic_dummy,20261009,76.622995,137.53752,89.35821,531795.26,65051.211,1,82,256,212,0.55710615,0.85748131,1.5391704,0.12232379,673.31834,208.23938,0.069957039,64.876177,2.4685734,105.57573,6.8141739,37.827762
DUMMY_PART_0011,DUMMY_TRIAL_0011_01,synthetic_dummy,20261009,76.622995,137.53752,89.35821,531795.26,65051.211,1,82,256,212,0.55710615,0.85748131,1.5391704,0.12232379,678.76791,209.16673,0.062998586,62.577554,2.5946219,107.27041,6.4573236,38.303452
DUMMY_PART_0012,DUMMY_TRIAL_0012_00,synthetic_dummy,20261009,218.98153,85.494737,59.06069,211278.22,79555.623,1,85,581,225,2.5613452,3.7077375,1.4475743,0.37654436,679.27339,212.32389,0.09658924,59.101698,2.2369252,127.26354,7.6687836,34.46574
DUMMY_PART_0012,DUMMY_TRIAL_0012_01,synthetic_dummy,20261009,218.98153,85.494737,59.06069,211278.22,79555.623,1,85,581,225,2.5613452,3.7077375,1.4475743,0.37654436,680.51469,210.39334,0.092087484,60.228661,2.3137363,124.07479,7.5820498,37.102679
DUMMY_PART_0013,DUMMY_TRIAL_0013_00,synthetic_dummy,20261009,240.64437,119.76804,81.136524,904336.14,103551.19,2,186,326,156,2.0092537,2.9659191,1.4761297,0.1145052,683.14002,221.24453,0.091986447,67.111808,2.3115539,104.22777,8.9898509,36.981468
DUMMY_PART_0013,DUMMY_TRIAL_0013_01,synthetic_dummy,20261009,240.64437,119.76804,81.136524,904336.14,103551.19,2,186,326,156,2.0092537,2.9659191,1.4761297,0.1145052,680.71808,210.47897,0.089947018,60.056632,2.3230365,122.85301,9.1691715,35.705181
DUMMY_PART_0014,DUMMY_TRIAL_0014_00,synthetic_dummy,20261009,220.68823,120.00463,62.644578,878183.67,110779.31,3,167,203,144,1.8389976,3.5228624,1.9156428,0.12614595,682.43559,212.67146,0.085011721,62.145641,2.3818291,118.26119,8.4665962,35.913621
DUMMY_PART_0014,DUMMY_TRIAL_0014_01,synthetic_dummy,20261009,220.68823,120.00463,62.644578,878183.67,110779.31,3,167,203,144,1.8389976,3.5228624,1.9156428,0.12614595,679.71093,223.0231,0.083203736,59.971086,2.4951407,101.81298,8.30299,39.245988
DUMMY_PART_0015,DUMMY_TRIAL_0015_00,synthetic_dummy,20261009,255.64221,25.163304,82.421253,99554.103,72576.861,3,154,530,181,10.159326,3.101654,0.30530116,0.72901928,683.29687,213.38018,0.095769542,61.780417,2.2565239,130.52644,7.4723932,31.789852
DUMMY_PART_0015,DUMMY_TRIAL_0015_01,synthetic_dummy,20261009,255.64221,25.163304,82.421253,99554.103,72576.861,3,154,530,181,10.159326,3.101654,0.30530116,0.72901928,683.01699,206.39681,0.10474809,59.160191,2.3655147,124.14575,8.1910216,33.057228
DUMMY_PART_0016,DUMMY_TRIAL_0016_00,synthetic_dummy,20261009,101.1326,27.321654,57.460275,51245.3,18122.863,1,42,135,50,3.7015547,1.7600437,0.4754877,0.35364927,675.90094,198.59753,0.073823218,55.154432,2.4717186,123.222,6.1541224,35.982561
DUMMY_PART_0016,DUMMY_TRIAL_0016_01,synthetic_dummy,20261009,101.1326,27.321654,57.460275,51245.3,18122.863,1,42,135,50,3.7015547,1.7600437,0.4754877,0.35364927,674.34678,204.10735,0.07532787,60.580484,2.5148086,109.24675,5.889162,36.165966
DUMMY_PART_0017,DUMMY_TRIAL_0017_00,synthetic_dummy,20261009,316.3249,126.9439,21.330519,473371.87,126238.63,3,216,558,210,2.4918479,14.829686,5.9512808,0.26667962,684.54658,219.23286,0.098268306,59.97598,2.3017595,109.77351,9.1575766,35.803941
DUMMY_PART_0017,DUMMY_TRIAL_0017_01,synthetic_dummy,20261009,316.3249,126.9439,21.330519,473371.87,126238.63,3,216,558,210,2.4918479,14.829686,5.9512808,0.26667962,684.54283,228.68449,0.095959228,63.747656,2.5295918,107.66943,9.5042153,36.838327
DUMMY_PART_0018,DUMMY_TRIAL_0018_00,synthetic_dummy,20261009,296.21646,132.47553,85.204049,1415705,134353.66,3,212,563,80,2.2360089,3.4765538,1.5548032,0.094902296,683.74135,228.38116,0.10385001,65.692485,2.3601242,108.44944,10.586677,40.41541
DUMMY_PART_0018,DUMMY_TRIAL_0018_01,synthetic_dummy,20261009,296.21646,132.47553,85.204049,1415705,134353.66,3,212,563,80,2.2360089,3.4765538,1.5548032,0.094902296,684.38255,219.71609,0.094799556,60.528703,2.4222907,118.31766,10.574266,36.888164
DUMMY_PART_0019,DUMMY_TRIAL_0019_00,synthetic_dummy,20261009,300.68667,117.77004,12.169378,210007.66,103303.47,2,114,461,296,2.5531677,24.708467,9.677573,0.49190335,683.22072,222.27992,0.097308836,64.860396,2.4007909,111.3355,8.6490813,35.703949
DUMMY_PART_0019,DUMMY_TRIAL_0019_01,synthetic_dummy,20261009,300.68667,117.77004,12.169378,210007.66,103303.47,2,114,461,296,2.5531677,24.708467,9.677573,0.49190335,685.46568,228.00774,0.099978271,62.26398,2.289876,112.58446,8.6658019,35.165893
DUMMY_PART_0020,DUMMY_TRIAL_0020_00,synthetic_dummy,20261009,144.18433,60.31168,50.336298,130991.89,45449.361,3,44,567,237,2.3906536,2.8644207,1.1981747,0.34696318,673.72394,213.75137,0.087292521,66.169875,2.291323,122.43883,6.9629564,36.386839
DUMMY_PART_0020,DUMMY_TRIAL_0020_01,synthetic_dummy,20261009,144.18433,60.31168,50.336298,130991.89,45449.361,3,44,567,237,2.3906536,2.8644207,1.1981747,0.34696318,677.26028,210.66255,0.078629501,62.441962,2.3115912,120.22201,6.2412977,35.609724
DUMMY_PART_0021,DUMMY_TRIAL_0021_00,synthetic_dummy,20261009,153.8709,166.27586,78.915811,1116757.6,118306.29,2,46,573,258,0.92539529,1.9498108,2.1070031,0.1059373,680.80071,218.15484,0.073151632,63.83209,2.4566305,108.4573,8.7480507,37.598645
DUMMY_PART_0021,DUMMY_TRIAL_0021_01,synthetic_dummy,20261009,153.8709,166.27586,78.915811,1116757.6,118306.29,2,46,573,258,0.92539529,1.9498108,2.1070031,0.1059373,678.09781,214.36035,0.069401792,66.733881,2.4804224,108.18995,8.8279793,36.629737
DUMMY_PART_0022,DUMMY_TRIAL_0022_00,synthetic_dummy,20261009,163.4585,156.43344,14.851613,190254.05,63066.204,1,49,477,188,1.0449077,11.006111,10.533094,0.33148416,677.49074,209.47279,0.088800671,61.403989,2.5099577,115.58404,6.8842385,33.959945
DUMMY_PART_0022,DUMMY_TRIAL_0022_01,synthetic_dummy,20261009,163.4585,156.43344,14.851613,190254.05,63066.204,1,49,477,188,1.0449077,11.006111,10.533094,0.33148416,678.03032,214.58622,0.079331447,64.28814,2.5469295,108.12086,7.053445,35.610849
DUMMY_PART_0023,DUMMY_TRIAL_0023_00,synthetic_dummy,20261009,76.143075,84.802093,60.278994,204856.13,34308.466,1,141,96,213,0.89789146,1.2631776,1.4068266,0.1674759,676.10652,196.01301,0.070842364,62.182372,2.4363946,113.14805,6.3879633,38.898301
DUMMY_PART_0023,DUMMY_TRIAL_0023_01,synthetic_dummy,20261009,76.143075,84.802093,60.278994,204856.13,34308.466,1,141,96,213,0.89789146,1.2631776,1.4068266,0.1674759,677.29875,211.33458,0.066917344,61.191834,2.5080392,105.4732,5.9587447,36.702583
DUMMY_PART_0024,DUMMY_TRIAL_0024_00,synthetic_dummy,20261009,317.06029,57.353265,15.630987,123403.97,48497.096,2,188,196,75,5.5281995,20.284087,3.6692031,0.39299463,683.48205,218.36038,0.098452532,65.509635,2.4779914,119.53,8.6480098,36.795946
DUMMY_PART_0024,DUMMY_TRIAL_0024_01,synthetic_dummy,20261009,317.06029,57.353265,15.630987,123403.97,48497.096,2,188,196,75,5.5281995,20.284087,3.6692031,0.39299463,682.89968,215.82878,0.10428018,63.532071,2.3139376,119.48668,8.4104295,37.669747
DUMMY_PART_0025,DUMMY_TRIAL_0025_00,synthetic_dummy,20261009,100.30421,133.92653,105.79579,352710.2,78142.041,2,190,328,150,0.74894952,0.94809258,1.2658965,0.22154744,674.94174,207.91462,0.074784435,61.753976,2.525491,125.47499,6.4180928,36.475242
DUMMY_PART_0025,DUMMY_TRIAL_0025_01,synthetic_dummy,20261009,100.30421,133.92653,105.79579,352710.2,78142.041,2,190,328,150,0.74894952,0.94809258,1.2658965,0.22154744,675.17405,207.38044,0.082515108,59.439967,2.4080903,126.62761,6.5670518,33.780451
DUMMY_PART_0026,DUMMY_TRIAL_0026_00,synthetic_dummy,20261009,123.06802,78.420286,50.97419,203354.92,52670.142,1,195,498,97,1.5693391,2.4143203,1.5384312,0.25900599,678.90227,211.33432,0.076745179,61.409222,2.5185935,105.87731,6.9369175,32.13899
DUMMY_PART_0026,DUMMY_TRIAL_0026_01,synthetic_dummy,20261009,123.06802,78.420286,50.97419,203354.92,52670.142,1,195,498,97,1.5693391,2.4143203,1.5384312,0.25900599,675.70643,207.49475,0.074499141,65.271055,2.5361874,107.65097,6.2289657,36.854818
DUMMY_PART_0027,DUMMY_TRIAL_0027_00,synthetic_dummy,20261009,205.02043,149.90073,63.975192,430933.48,129230.86,1,104,264,85,1.3677081,3.2046865,2.3431071,0.29988587,679.59438,213.0213,0.096563841,62.200839,2.4233395,129.81462,7.670254,35.251231
DUMMY_PART_0027,DUMMY_TRIAL_0027_01,synthetic_dummy,20261009,205.02043,149.90073,63.975192,430933.48,129230.86,1,104,264,85,1.3677081,3.2046865,2.3431071,0.29988587,679.71017,221.76687,0.097658173,54.746507,2.4094252,115.42009,7.9122477,34.808587
DUMMY_PART_0028,DUMMY_TRIAL_0028_00,synthetic_dummy,20261009,104.90399,70.154734,92.417513,172156.22,46078.126,2,134,186,65,1.495323,1.1351094,0.75910649,0.26765299,677.69108,209.08018,0.086342375,64.860925,2.5431561,121.63747,6.4539142,35.259555
DUMMY_PART_0028,DUMMY_TRIAL_0028_01,synthetic_dummy,20261009,104.90399,70.154734,92.417513,172156.22,46078.126,2,134,186,65,1.495323,1.1351094,0.75910649,0.26765299,676.98566,214.26609,0.078545772,59.755024,2.4601267,120.80428,6.4095027,34.960804
DUMMY_PART_0029,DUMMY_TRIAL_0029_00,synthetic_dummy,20261009,62.805754,116.60697,59.962559,218289.15,42826.887,2,119,50,93,0.53861062,1.0474162,1.9446631,0.19619338,675.09899,201.57241,0.067088333,67.227223,2.4568321,113.82184,6.171658,42.015094
DUMMY_PART_0029,DUMMY_TRIAL_0029_01,synthetic_dummy,20261009,62.805754,116.60697,59.962559,218289.15,42826.887,2,119,50,93,0.53861062,1.0474162,1.9446631,0.19619338,675.00642,205.54742,0.072444765,63.562929,2.4971101,108.13633,5.6099982,38.370332
DUMMY_PART_0030,DUMMY_TRIAL_0030_00,synthetic_dummy,20261009,122.38488,151.01384,39.422809,191917.16,78062.338,3,142,123,267,0.81042164,3.1044182,3.830621,0.40675017,678.43993,211.00704,0.083427951,60.583118,2.5175107,109.88599,6.6428406,33.447428
DUMMY_PART_0030,DUMMY_TRIAL_0030_01,synthetic_dummy,20261009,122.38488,151.01384,39.422809,191917.16,78062.338,3,142,123,267,0.81042164,3.1044182,3.830621,0.40675017,679.01836,209.17948,0.077971827,62.735064,2.4945905,112.46803,6.7109919,36.469405
DUMMY_PART_0031,DUMMY_TRIAL_0031_00,synthetic_dummy,20261009,307.02093,108.6784,35.667684,694046.45,101386.38,3,103,87,283,2.8250411,8.607818,3.0469709,0.14608011,682.17482,225.54612,0.099690945,62.554227,2.3333926,125.36419,9.9620243,36.961494
DUMMY_PART_0031,DUMMY_TRIAL_0031_01,synthetic_dummy,20261009,307.02093,108.6784,35.667684,694046.45,101386.38,3,103,87,283,2.8250411,8.607818,3.0469709,0.14608011,684.37546,218.62401,0.093683148,60.483958,2.3656043,110.32379,9.2791244,38.71588
DUMMY_PART_0032,DUMMY_TRIAL_0032_00,synthetic_dummy,20261009,243.47328,88.791022,32.835076,207184.5,66065.847,2,184,531,27,2.7420934,7.4150362,2.7041516,0.31887447,682.32686,218.21182,0.10265997,59.373287,2.4245802,132.67701,8.0177813,36.977149
DUMMY_PART_0032,DUMMY_TRIAL_0032_01,synthetic_dummy,20261009,243.47328,88.791022,32.835076,207184.5,66065.847,2,184,531,27,2.7420934,7.4150362,2.7041516,0.31887447,682.38913,219.67663,0.092563093,57.052109,2.5188206,127.0271,8.090296,33.778131
DUMMY_PART_0033,DUMMY_TRIAL_0033_00,synthetic_dummy,20261009,210.60227,30.111578,53.976485,86998.49,43420.767,2,158,295,299,6.9940628,3.9017411,0.55786476,0.49909794,681.90992,217.47132,0.096901346,61.369333,2.3315995,105.47681,7.5646466,34.438423
DUMMY_PART_0033,DUMMY_TRIAL_0033_01,synthetic_dummy,20261009,210.60227,30.111578,53.976485,86998.49,43420.767,2,158,295,299,6.9940628,3.9017411,0.55786476,0.49909794,679.69815,213.66324,0.086067424,62.254653,2.184946,114.49674,7.2104815,33.017792
DUMMY_PART_0034,DUMMY_TRIAL_0034_00,synthetic_dummy,20261009,267.98953,167.97043,100.51887,2308999.2,164114.94,1,143,70,209,1.5954567,2.6660621,1.6710338,0.071076223,683.62689,224.10066,0.090596039,62.159194,2.45358,112.24969,11.154367,38.680026
DUMMY_PART_0034,DUMMY_TRIAL_0034_01,synthetic_dummy,20261009,267.98953,167.97043,100.51887,2308999.2,164114.94,1,143,70,209,1.5954567,2.6660621,1.6710338,0.071076223,684.63076,215.62526,0.089966502,63.805822,2.3298368,102.08342,11.277234,40.945026
DUMMY_PART_0035,DUMMY_TRIAL_0035_00,synthetic_dummy,20261009,127.46219,82.263261,100.44453,448331.27,82048.443,3,34,79,190,1.5494425,1.2689809,0.81899192,0.18300852,677.59481,209.04513,0.074244175,62.49908,2.4679616,117.56149,7.5619429,35.444151
DUMMY_PART_0035,DUMMY_TRIAL_0035_01,synthetic_dummy,20261009,127.46219,82.263261,100.44453,448331.27,82048.443,3,34,79,190,1.5494425,1.2689809,0.81899192,0.18300852,677.02892,210.02555,0.079574645,62.659978,2.5440659,119.13815,7.3512857,37.783062
DUMMY_PART_0036,DUMMY_TRIAL_0036_00,synthetic_dummy,20261009,147.03736,75.811026,51.661894,288749.13,56259.598,3,222,618,181,1.9395248,2.8461474,1.4674457,0.19483902,676.04793,211.65068,0.078300655,61.327555,2.4349945,118.15609,6.7329934,35.834628
DUMMY_PART_0036,DUMMY_TRIAL_0036_01,synthetic_dummy,20261009,147.03736,75.811026,51.661894,288749.13,56259.598,3,222,618,181,1.9395248,2.8461474,1.4674457,0.19483902,676.18101,208.99285,0.085377276,63.637096,2.5064126,104.15976,7.6700659,35.714264
DUMMY_PART_0037,DUMMY_TRIAL_0037_00,synthetic_dummy,20261009,137.66655,174.81335,14.055893,69726.779,53669.023,2,147,387,51,0.78750594,9.7942231,12.437015,0.76970461,678.58865,217.9052,0.083529185,62.534924,2.3828741,111.43286,6.8339812,34.861831
DUMMY_PART_0037,DUMMY_TRIAL_0037_01,synthetic_dummy,20261009,137.66655,174.81335,14.055893,69726.779,53669.023,2,147,387,51,0.78750594,9.7942231,12.437015,0.76970461,678.75599,205.56125,0.091015754,61.053094,2.2650843,100.54911,7.1026563,32.873888
DUMMY_PART_0038,DUMMY_TRIAL_0038_00,synthetic_dummy,20261009,57.636033,136.61931,41.320864,63474.006,30781.757,2,211,270,285,0.42187324,1.3948409,3.3063034,0.48495059,675.96469,204.22099,0.067378802,62.207881,2.267987,120.7948,5.5619137,34.880406
DUMMY_PART_0038,DUMMY_TRIAL_0038_01,synthetic_dummy,20261009,57.636033,136.61931,41.320864,63474.006,30781.757,2,211,270,285,0.42187324,1.3948409,3.3063034,0.48495059,672.91512,203.11153,0.074881592,57.58891,2.4456332,118.70179,5.7938606,34.519851
DUMMY_PART_0039,DUMMY_TRIAL_0039_00,synthetic_dummy,20261009,264.39079,119.97799,88.459433,1263910.8,131524.93,3,175,115,138,2.2036607,2.9888366,1.3563053,0.10406188,680.64302,217.32968,0.093314092,58.85831,2.4353901,112.7352,9.8542671,35.899718
DUMMY_PART_0039,DUMMY_TRIAL_0039_01,synthetic_dummy,20261009,264.39079,119.97799,88.459433,1263910.8,131524.93,3,175,115,138,2.2036607,2.9888366,1.3563053,0.10406188,682.55436,216.59491,0.094184942,64.934607,2.3576091,117.20914,9.9293099,37.708459
DUMMY_PART_0040,DUMMY_TRIAL_0040_00,synthetic_dummy,20261009,219.80353,37.978454,99.809603,293219.84,78991.35,3,203,242,215,5.7875849,2.2022283,0.38050902,0.26939293,682.03973,215.86343,0.099531478,63.285048,2.605668,119.60746,8.1167059,34.652964
DUMMY_PART_0040,DUMMY_TRIAL_0040_01,synthetic_dummy,20261009,219.80353,37.978454,99.809603,293219.84,78991.35,3,203,242,215,5.7875849,2.2022283,0.38050902,0.26939293,681.63501,216.67266,0.094161355,57.276925,2.4982874,112.63564,7.6994637,38.027242
DUMMY_PART_0041,DUMMY_TRIAL_0041_00,synthetic_dummy,20261009,62.322693,79.465834,36.683909,53068.941,18959.039,1,193,273,37,0.78427029,1.6989109,2.1662313,0.35725301,676.58417,206.7174,0.070068672,58.00469,2.506608,116.45611,6.1623873,36.00189
DUMMY_PART_0041,DUMMY_TRIAL_0041_01,synthetic_dummy,20261009,62.322693,79.465834,36.683909,53068.941,18959.039,1,193,273,37,0.78427029,1.6989109,2.1662313,0.35725301,676.15233,205.6893,0.080629833,59.825475,2.3248696,116.23749,6.5139873,35.377322
DUMMY_PART_0042,DUMMY_TRIAL_0042_00,synthetic_dummy,20261009,136.41874,149.70662,29.573749,362640.99,58404.923,2,60,214,257,0.91124052,4.612832,5.0621454,0.16105439,674.65044,213.73898,0.073205052,61.497421,2.5181152,112.58449,6.6113514,37.304918
DUMMY_PART_0042,DUMMY_TRIAL_0042_01,synthetic_dummy,20261009,136.41874,149.70662,29.573749,362640.99,58404.923,2,60,214,257,0.91124052,4.612832,5.0621454,0.16105439,677.94057,214.28637,0.072978531,66.276026,2.4903607,102.51563,6.9650887,38.001626
DUMMY_PART_0043,DUMMY_TRIAL_0043_00,synthetic_dummy,20261009,177.71813,92.65533,27.098464,215626.82,55544.598,3,29,318,87,1.9180562,6.5582365,3.4192097,0.25759596,681.37056,211.56781,0.084793409,62.371334,2.3897233,103.00838,7.4126269,36.921063
DUMMY_PART_0043,DUMMY_TRIAL_0043_01,synthetic_dummy,20261009,177.71813,92.65533,27.098464,215626.82,55544.598,3,29,318,87,1.9180562,6.5582365,3.4192097,0.25759596,680.92176,216.9587,0.083745381,62.682173,2.1914421,122.44349,7.1049871,35.43822
DUMMY_PART_0044,DUMMY_TRIAL_0044_00,synthetic_dummy,20261009,227.81067,126.28183,53.959634,855828.58,125665.08,1,58,163,250,1.8039861,4.2218722,2.3403019,0.1468344,684.07947,214.45506,0.086386378,63.712678,2.3813625,111.36593,8.6250158,38.097762
DUMMY_PART_0044,DUMMY_TRIAL_0044_01,synthetic_dummy,20261009,227.81067,126.28183,53.959634,855828.58,125665.08,1,58,163,250,1.8039861,4.2218722,2.3403019,0.1468344,678.03794,222.58553,0.085473187,61.595707,2.2727752,108.40644,8.539954,39.203051
DUMMY_PART_0045,DUMMY_TRIAL_0045_00,synthetic_dummy,20261009,183.22723,63.665555,63.774964,314013.43,73151.036,3,142,602,171,2.8779649,2.8730276,0.99828445,0.23295512,680.29196,211.75744,0.076904526,61.694872,2.4088947,126.37655,7.7292557,36.789878
DUMMY_PART_0045,DUMMY_TRIAL_0045_01,synthetic_dummy,20261009,183.22723,63.665555,63.774964,314013.43,73151.036,3,142,602,171,2.8779649,2.8730276,0.99828445,0.23295512,675.71794,205.18929,0.078759235,63.424986,2.3730756,118.71167,7.600978,35.367618
DUMMY_PART_0046,DUMMY_TRIAL_0046_00,synthetic_dummy,20261009,133.49824,54.284334,30.477448,121471.46,28366.495,3,200,518,278,2.4592406,4.3802302,1.7811312,0.23352396,681.80915,214.30148,0.079588184,61.731153,2.5730132,109.29548,7.0103937,38.177279
DUMMY_PART_0046,DUMMY_TRIAL_0046_01,synthetic_dummy,20261009,133.49824,54.284334,30.477448,121471.46,28366.495,3,200,518,278,2.4592406,4.3802302,1.7811312,0.23352396,680.28979,208.84682,0.075677758,61.227322,2.4007237,116.53159,6.3930286,37.872873
DUMMY_PART_0047,DUMMY_TRIAL_0047_00,synthetic_dummy,20261009,248.35646,93.187943,87.396004,922877.61,137151.81,1,215,385,144,2.6651137,2.841737,1.0662724,0.14861322,677.85157,221.236,0.089565509,62.925194,2.5411219,113.66851,9.1093199,36.890714
DUMMY_PART_0047,DUMMY_TRIAL_0047_01,synthetic_dummy,20261009,248.35646,93.187943,87.396004,922877.61,137151.81,1,215,385,144,2.6651137,2.841737,1.0662724,0.14861322,681.99186,216.96212,0.090962213,62.041665,2.4077893,112.86851,9.149115,38.592002
DUMMY_PART_0048,DUMMY_TRIAL_0048_00,synthetic_dummy,20261009,175.96174,85.468097,13.700845,49389.775,35751.857,2,55,533,109,2.0588002,12.843131,6.2381626,0.72387164,679.98647,211.6721,0.085053639,65.786132,2.4851628,127.06555,6.9684104,30.344361
DUMMY_PART_0048,DUMMY_TRIAL_0048_01,synthetic_dummy,20261009,175.96174,85.468097,13.700845,49389.775,35751.857,2,55,533,109,2.0588002,12.843131,6.2381626,0.72387164,677.33266,210.11059,0.093634833,59.663787,2.2822212,108.2359,7.2086073,32.855023
DUMMY_PART_0049,DUMMY_TRIAL_0049_00,synthetic_dummy,20261009,310.61129,33.452376,110.0063,638371.21,83601.114,2,134,193,256,9.2851788,2.8235772,0.30409508,0.13096003,683.18701,214.64424,0.097479014,62.806378,2.5013168,117.63957,9.2682151,38.191798
DUMMY_PART_0049,DUMMY_TRIAL_0049_01,synthetic_dummy,20261009,310.61129,33.452376,110.0063,638371.21,83601.114,2,134,193,256,9.2851788,2.8235772,0.30409508,0.13096003,682.31668,224.47673,0.09037294,63.004207,2.3842435,117.79464,9.2758353,38.737063
DUMMY_PART_0050,DUMMY_TRIAL_0050_00,synthetic_dummy,20261009,292.97832,83.041983,74.757925,476184.56,134649.37,2,164,552,93,3.5280747,3.9190269,1.1108118,0.28276719,684.14177,212.96201,0.10265701,61.788644,2.2653684,129.90088,8.7127061,35.655499
DUMMY_PART_0050,DUMMY_TRIAL_0050_01,synthetic_dummy,20261009,292.97832,83.041983,74.757925,476184.56,134649.37,2,164,552,93,3.5280747,3.9190269,1.1108118,0.28276719,682.96282,214.52221,0.10891119,59.573535,2.3623939,111.42154,9.0820526,37.874025
DUMMY_PART_0051,DUMMY_TRIAL_0051_00,synthetic_dummy,20261009,297.7963,77.957849,22.034556,304368.43,70788.343,1,130,594,149,3.8199655,13.514967,3.5379814,0.23257453,684.77235,220.50433,0.089963351,64.099228,2.2412982,106.24677,8.3707567,35.737809
DUMMY_PART_0051,DUMMY_TRIAL_0051_01,synthetic_dummy,20261009,297.7963,77.957849,22.034556,304368.43,70788.343,1,130,594,149,3.8199655,13.514967,3.5379814,0.23257453,684.11568,227.76536,0.09278095,63.517426,2.2190773,132.53997,8.509314,37.872245
DUMMY_PART_0052,DUMMY_TRIAL_0052_00,synthetic_dummy,20261009,146.81184,44.878465,63.036801,254358.59,35730.957,2,99,275,275,3.2713205,2.3289863,0.71194072,0.14047474,681.93999,214.3241,0.071096336,66.414235,2.5641509,105.81625,6.792592,37.948086
DUMMY_PART_0052,DUMMY_TRIAL_0052_01,synthetic_dummy,20261009,146.81184,44.878465,63.036801,254358.59,35730.957,2,99,275,275,3.2713205,2.3289863,0.71194072,0.14047474,677.09674,210.00781,0.069488091,63.147409,2.4160214,127.46263,6.5047441,38.164388
DUMMY_PART_0053,DUMMY_TRIAL_0053_00,synthetic_dummy,20261009,206.97272,169.56264,89.614269,638444.24,179229.47,1,93,308,319,1.2206269,2.3095956,1.8921389,0.28072847,679.27786,211.15502,0.094059825,57.957163,2.3601851,128.27341,8.5249363,35.83638
DUMMY_PART_0053,DUMMY_TRIAL_0053_01,synthetic_dummy,20261009,206.97272,169.56264,89.614269,638444.24,179229.47,1,93,308,319,1.2206269,2.3095956,1.8921389,0.28072847,681.67206,212.44527,0.093118899,59.199757,2.3194983,123.74618,8.924216,35.781105
DUMMY_PART_0054,DUMMY_TRIAL_0054_00,synthetic_dummy,20261009,157.51405,105.93816,77.755903,359300.91,98808.084,2,54,66,316,1.486849,2.0257504,1.3624452,0.27500092,676.85441,207.91136,0.083652587,58.801405,2.2346266,121.31155,7.2174631,36.337062
DUMMY_PART_0054,DUMMY_TRIAL_0054_01,synthetic_dummy,20261009,157.51405,105.93816,77.755903,359300.91,98808.084,2,54,66,316,1.486849,2.0257504,1.3624452,0.27500092,679.0347,220.14234,0.079625752,62.310063,2.4115523,102.5345,7.6838382,35.63309
DUMMY_PART_0055,DUMMY_TRIAL_0055_00,synthetic_dummy,20261009,84.170641,28.945258,31.257268,42064.792,15221.24,2,33,354,304,2.9079251,2.6928342,0.92603289,0.36185225,674.31203,212.68624,0.063237602,63.930865,2.5320054,121.75212,6.2503668,35.396864
DUMMY_PART_0055,DUMMY_TRIAL_0055_01,synthetic_dummy,20261009,84.170641,28.945258,31.257268,42064.792,15221.24,2,33,354,304,2.9079251,2.6928342,0.92603289,0.36185225,675.96144,214.79835,0.077230053,59.514787,2.4267641,118.19234,5.8585193,36.888085
DUMMY_PART_0056,DUMMY_TRIAL_0056_00,synthetic_dummy,20261009,296.2852,170.58108,18.491924,175581.45,121870.22,3,221,505,286,1.7369171,16.022411,9.224626,0.69409508,683.22925,221.25638,0.1031975,55.138714,2.239375,123.78301,8.5492427,32.118879
DUMMY_PART_0056,DUMMY_TRIAL_0056_01,synthetic_dummy,20261009,296.2852,170.58108,18.491924,175581.45,121870.22,3,221,505,286,1.7369171,16.022411,9.224626,0.69409508,679.94646,220.73197,0.10505653,58.802993,2.4972198,122.84568,8.894474,34.220404
DUMMY_PART_0057,DUMMY_TRIAL_0057_00,synthetic_dummy,20261009,211.06808,123.6953,99.428655,1548252,122732.92,2,198,51,135,1.7063549,2.1228094,1.2440609,0.079271931,682.92943,218.69768,0.077221286,60.816114,2.4978074,121.91033,9.690332,38.612351
DUMMY_PART_0057,DUMMY_TRIAL_0057_01,synthetic_dummy,20261009,211.06808,123.6953,99.428655,1548252,122732.92,2,198,51,135,1.7063549,2.1228094,1.2440609,0.079271931,684.20496,216.53976,0.089156336,66.072138,2.352611,121.49223,9.1832102,38.860759
DUMMY_PART_0058,DUMMY_TRIAL_0058_00,synthetic_dummy,20261009,262.94296,43.626086,30.438496,139014.22,43287.533,1,54,495,294,6.0271958,8.6385004,1.4332537,0.31138925,679.92025,219.05445,0.10154773,62.270074,2.2869967,108.65076,8.1928978,37.181116
DUMMY_PART_0058,DUMMY_TRIAL_0058_01,synthetic_dummy,20261009,262.94296,43.626086,30.438496,139014.22,43287.533,1,54,495,294,6.0271958,8.6385004,1.4332537,0.31138925,677.58378,212.56527,0.091933177,62.078167,2.2535181,108.40986,8.2192772,35.356535
DUMMY_PART_0059,DUMMY_TRIAL_0059_00,synthetic_dummy,20261009,295.63755,73.448851,30.16586,309321.59,77027.155,3,231,481,277,4.0250807,9.8004019,2.4348337,0.24901965,684.42196,220.5524,0.099498248,60.194521,2.2795628,116.98499,8.8852742,36.226656
DUMMY_PART_0059,DUMMY_TRIAL_0059_01,synthetic_dummy,20261009,295.63755,73.448851,30.16586,309321.59,77027.155,3,231,481,277,4.0250807,9.8004019,2.4348337,0.24901965,683.54957,225.93618,0.0994036,62.214464,2.5947592,109.68543,8.6159333,34.025187
DUMMY_PART_0060,DUMMY_TRIAL_0060_00,synthetic_dummy,20261009,249.44139,80.508228,62.501058,369988.9,88090.876,1,118,92,146,3.0983342,3.9909947,1.2881098,0.23809059,675.99546,215.36489,0.10261158,59.908722,2.2662924,111.76704,8.2836033,35.600819
DUMMY_PART_0060,DUMMY_TRIAL_0060_01,synthetic_dummy,20261009,249.44139,80.508228,62.501058,369988.9,88090.876,1,118,92,146,3.0983342,3.9909947,1.2881098,0.23809059,681.67929,208.92467,0.098045152,63.648686,2.4440043,120.38942,8.177539,36.548893
DUMMY_PART_0061,DUMMY_TRIAL_0061_00,synthetic_dummy,20261009,76.375511,72.385833,28.639074,70069.176,19424.575,1,192,364,34,1.0551168,2.6668289,2.52752,0.27721997,674.89148,206.83314,0.071992993,67.142863,2.41161,108.95232,5.4635654,35.889826
DUMMY_PART_0061,DUMMY_TRIAL_0061_01,synthetic_dummy,20261009,76.375511,72.385833,28.639074,70069.176,19424.575,1,192,364,34,1.0551168,2.6668289,2.52752,0.27721997,677.73131,211.35672,0.070321502,66.598857,2.4975758,113.1651,6.4900681,37.965524
DUMMY_PART_0062,DUMMY_TRIAL_0062_00,synthetic_dummy,20261009,62.042374,95.701063,82.629518,124134.64,36010.164,3,206,145,239,0.64829347,0.75085001,1.1581946,0.29008957,674.93304,204.86194,0.073225906,60.324923,2.3103926,134.86972,5.912104,35.692577
DUMMY_PART_0062,DUMMY_TRIAL_0062_01,synthetic_dummy,20261009,62.042374,95.701063,82.629518,124134.64,36010.164,3,206,145,239,0.64829347,0.75085001,1.1581946,0.29008957,674.53099,203.1175,0.076310979,55.19894,2.4261665,119.31266,5.7452925,36.523938
DUMMY_PART_0063,DUMMY_TRIAL_0063_00,synthetic_dummy,20261009,224.3656,31.957311,41.296416,159834.96,39691.118,3,186,126,131,7.020791,5.4330526,0.77385193,0.24832564,681.48924,224.31964,0.094371783,62.18561,2.2472258,115.69194,7.5137518,36.376351
DUMMY_PART_0063,DUMMY_TRIAL_0063_01,synthetic_dummy,20261009,224.3656,31.957311,41.296416,159834.96,39691.118,3,186,126,131,7.020791,5.4330526,0.77385193,0.24832564,681.72712,217.95196,0.086667197,63.371107,2.5076104,118.89687,7.9832775,37.14941
DUMMY_PART_0064,DUMMY_TRIAL_0064_00,synthetic_dummy,20261009,258.92647,33.415152,38.522945,201669.21,38303.148,1,97,516,35,7.7487744,6.7213573,0.86740908,0.18993057,682.40022,219.59912,0.087084985,59.936314,2.400711,115.79603,7.7806004,36.495012
DUMMY_PART_0064,DUMMY_TRIAL_0064_01,synthetic_dummy,20261009,258.92647,33.415152,38.522945,201669.21,38303.148,1,97,516,35,7.7487744,6.7213573,0.86740908,0.18993057,684.09334,222.02782,0.093404919,64.495967,2.4244186,114.12698,7.713257,37.669239
DUMMY_PART_0065,DUMMY_TRIAL_0065_00,synthetic_dummy,20261009,93.320546,73.780839,39.84035,167570.15,34634.799,2,196,471,190,1.2648344,2.3423626,1.8519124,0.20668836,677.40216,205.21625,0.071435072,63.036025,2.3375198,101.66938,6.1198165,35.099283
DUMMY_PART_0065,DUMMY_TRIAL_0065_01,synthetic_dummy,20261009,93.320546,73.780839,39.84035,167570.15,34634.799,2,196,471,190,1.2648344,2.3423626,1.8519124,0.20668836,676.60812,207.70335,0.064599678,63.147185,2.5586645,121.13191,6.1666615,39.682785
DUMMY_PART_0066,DUMMY_TRIAL_0066_00,synthetic_dummy,20261009,217.87159,169.55787,71.52856,1325013.4,171712.6,3,156,372,274,1.2849395,3.0459385,2.3704918,0.12959311,679.82823,217.39624,0.084222135,60.647464,2.4500029,122.08281,9.3493793,38.364246
DUMMY_PART_0066,DUMMY_TRIAL_0066_01,synthetic_dummy,20261009,217.87159,169.55787,71.52856,1325013.4,171712.6,3,156,372,274,1.2849395,3.0459385,2.3704918,0.12959311,679.33286,221.54385,0.078533422,60.599275,2.3039588,116.83424,9.5154583,39.689547
DUMMY_PART_0067,DUMMY_TRIAL_0067_00,synthetic_dummy,20261009,119.91035,68.323338,58.647899,231369.5,42065.967,2,101,480,158,1.7550423,2.0445805,1.164975,0.18181293,680.76928,208.71446,0.069871245,69.198683,2.5282941,114.47122,6.6909144,37.125659
DUMMY_PART_0067,DUMMY_TRIAL_0067_01,synthetic_dummy,20261009,119.91035,68.323338,58.647899,231369.5,42065.967,2,101,480,158,1.7550423,2.0445805,1.164975,0.18181293,675.58088,205.46044,0.075852447,61.238411,2.4040945,113.44711,6.4011676,35.20564
DUMMY_PART_0068,DUMMY_TRIAL_0068_00,synthetic_dummy,20261009,81.364401,146.77758,77.762384,430609.44,79134.881,1,156,467,30,0.55433808,1.0463208,1.8875139,0.18377414,675.50332,208.14923,0.074640257,64.203163,2.486504,116.00301,6.4761372,36.844999
DUMMY_PART_0068,DUMMY_TRIAL_0068_01,synthetic_dummy,20261009,81.364401,146.77758,77.762384,430609.44,79134.881,1,156,467,30,0.55433808,1.0463208,1.8875139,0.18377414,672.73839,209.79083,0.07113213,66.887094,2.3861683,115.35307,6.1613351,37.445667
DUMMY_PART_0069,DUMMY_TRIAL_0069_00,synthetic_dummy,20261009,214.96186,87.373595,24.780446,116224.67,56872.634,1,200,516,41,2.4602612,8.6746569,3.525909,0.48933357,680.3217,210.02905,0.10070263,59.583076,2.2583294,120.65018,7.2331328,35.377902
DUMMY_PART_0069,DUMMY_TRIAL_0069_01,synthetic_dummy,20261009,214.96186,87.373595,24.780446,116224.67,56872.634,1,200,516,41,2.4602612,8.6746569,3.525909,0.48933357,681.48154,220.44375,0.091152955,62.171464,2.3100217,122.79831,7.3817181,33.514673
DUMMY_PART_0070,DUMMY_TRIAL_0070_00,synthetic_dummy,20261009,316.55324,161.69226,109.40547,2677880.7,246587.32,3,86,329,301,1.9577513,2.8933949,1.4779175,0.092083011,683.06622,219.13719,0.10337065,61.965957,2.2488558,111.78627,12.61153,39.594382
DUMMY_PART_0070,DUMMY_TRIAL_0070_01,synthetic_dummy,20261009,316.55324,161.69226,109.40547,2677880.7,246587.32,3,86,329,301,1.9577513,2.8933949,1.4779175,0.092083011,681.67032,222.01332,0.10294899,59.610283,2.3460374,122.7028,12.446761,39.464131
DUMMY_PART_0071,DUMMY_TRIAL_0071_00,synthetic_dummy,20261009,198.92033,35.687029,80.645214,244357.77,70240.814,1,210,588,179,5.5740231,2.4666104,0.44251888,0.2874507,680.80538,216.03395,0.08729117,62.923541,2.3994859,107.12886,7.6723878,35.94163
DUMMY_PART_0071,DUMMY_TRIAL_0071_01,synthetic_dummy,20261009,198.92033,35.687029,80.645214,244357.77,70240.814,1,210,588,179,5.5740231,2.4666104,0.44251888,0.2874507,678.82375,221.09716,0.0895369,65.938848,2.343062,123.43129,7.5351145,36.770169
DUMMY_PART_0072,DUMMY_TRIAL_0072_00,synthetic_dummy,20261009,184.28554,166.27332,94.171999,1717557.7,168952.84,3,90,367,306,1.108329,1.9569037,1.7656343,0.098368073,676.87885,210.49911,0.077236501,65.09727,2.5424471,105.59404,9.9185379,36.251666
DUMMY_PART_0072,DUMMY_TRIAL_0072_01,synthetic_dummy,20261009,184.28554,166.27332,94.171999,1717557.7,168952.84,3,90,367,306,1.108329,1.9569037,1.7656343,0.098368073,678.85561,215.14882,0.073046489,60.112555,2.4673191,115.99361,9.5351739,35.126405
DUMMY_PART_0073,DUMMY_TRIAL_0073_00,synthetic_dummy,20261009,259.45909,43.762104,75.344244,324289.29,61625.127,1,25,63,206,5.9288531,3.4436484,0.58082876,0.19003134,684.31708,225.29155,0.092802178,62.835771,2.4543026,125.81568,8.4846672,36.839064
DUMMY_PART_0073,DUMMY_TRIAL_0073_01,synthetic_dummy,20261009,259.45909,43.762104,75.344244,324289.29,61625.127,1,25,63,206,5.9288531,3.4436484,0.58082876,0.19003134,679.92473,219.5043,0.093617039,61.387117,2.3810807,114.08413,8.2741499,38.69714
DUMMY_PART_0074,DUMMY_TRIAL_0074_00,synthetic_dummy,20261009,249.00535,55.422693,81.375504,277205.86,89088.355,1,204,294,65,4.4928411,3.0599547,0.68107342,0.32137977,677.80328,220.50234,0.092540278,56.114606,2.2563085,109.58135,8.1525627,35.209252
DUMMY_PART_0074,DUMMY_TRIAL_0074_01,synthetic_dummy,20261009,249.00535,55.422693,81.375504,277205.86,89088.355,1,204,294,65,4.4928411,3.0599547,0.68107342,0.32137977,683.29949,219.52869,0.092317296,61.667371,2.3428407,118.36314,8.3161401,33.980287
DUMMY_PART_0075,DUMMY_TRIAL_0075_00,synthetic_dummy,20261009,191.12774,59.455586,36.520164,204795.85,36192.963,3,158,343,258,3.2146305,5.2334853,1.6280208,0.17672704,677.40481,214.32193,0.092391347,64.377765,2.4103485,112.10476,7.5910187,36.943813
DUMMY_PART_0075,DUMMY_TRIAL_0075_01,synthetic_dummy,20261009,191.12774,59.455586,36.520164,204795.85,36192.963,3,158,343,258,3.2146305,5.2334853,1.6280208,0.17672704,681.66882,218.87665,0.082255397,65.304413,2.4037968,124.09589,7.3333153,37.577535
DUMMY_PART_0076,DUMMY_TRIAL_0076_00,synthetic_dummy,20261009,212.3882,159.71178,103.22681,1177302.7,156809.97,1,36,496,256,1.3298218,2.0574906,1.5471927,0.13319427,679.80049,217.82442,0.088755628,63.766887,2.3359112,122.87651,9.1865104,37.38841
DUMMY_PART_0076,DUMMY_TRIAL_0076_01,synthetic_dummy,20261009,212.3882,159.71178,103.22681,1177302.7,156809.97,1,36,496,256,1.3298218,2.0574906,1.5471927,0.13319427,679.71022,213.16443,0.087606084,59.792827,2.3822301,115.70064,9.2022287,35.833465
DUMMY_PART_0077,DUMMY_TRIAL_0077_00,synthetic_dummy,20261009,182.30146,144.92766,33.016812,186175.27,94218.038,2,237,541,109,1.257879,5.5214737,4.389511,0.50607171,678.19938,210.17488,0.091860414,62.748398,2.3338685,125.53876,7.0214655,33.089036
DUMMY_PART_0077,DUMMY_TRIAL_0077_01,synthetic_dummy,20261009,182.30146,144.92766,33.016812,186175.27,94218.038,2,237,541,109,1.257879,5.5214737,4.389511,0.50607171,678.2723,220.62771,0.090022653,61.70236,2.2412824,125.96592,7.152189,36.083191
DUMMY_PART_0078,DUMMY_TRIAL_0078_00,synthetic_dummy,20261009,149.13709,98.150206,27.504019,227162.29,43837.244,2,34,598,311,1.5194781,5.4223745,3.5685769,0.19297764,678.75886,212.47138,0.072857265,65.221122,2.3873087,104.87743,7.1053016,39.988827
DUMMY_PART_0078,DUMMY_TRIAL_0078_01,synthetic_dummy,20261009,149.13709,98.150206,27.504019,227162.29,43837.244,2,34,598,311,1.5194781,5.4223745,3.5685769,0.19297764,678.11482,216.25798,0.076896736,64.072901,2.5443574,119.72206,7.3219946,37.157704
DUMMY_PART_0079,DUMMY_TRIAL_0079_00,synthetic_dummy,20261009,102.68548,29.834273,16.457977,25531.417,10792.467,3,149,90,205,3.4418628,6.2392526,1.8127546,0.42271321,678.03707,211.28562,0.070575844,61.229388,2.5526257,106.74275,5.8229944,34.584878
DUMMY_PART_0079,DUMMY_TRIAL_0079_01,synthetic_dummy,20261009,102.68548,29.834273,16.457977,25531.417,10792.467,3,149,90,205,3.4418628,6.2392526,1.8127546,0.42271321,673.98574,211.10497,0.077130495,63.201048,2.4920244,111.29737,6.0949528,36.474143
DUMMY_PART_0080,DUMMY_TRIAL_0080_00,synthetic_dummy,20261009,276.15281,104.57347,70.040656,564966.56,102495.4,1,225,214,126,2.6407539,3.9427502,1.4930396,0.18141852,682.78329,217.07243,0.098982489,61.159845,2.2684416,116.11233,8.7056176,39.593636
DUMMY_PART_0080,DUMMY_TRIAL_0080_01,synthetic_dummy,20261009,276.15281,104.57347,70.040656,564966.56,102495.4,1,225,214,126,2.6407539,3.9427502,1.4930396,0.18141852,684.68405,213.60694,0.10056308,58.824913,2.3356342,108.95595,8.507463,35.24146
DUMMY_PART_0081,DUMMY_TRIAL_0081_00,synthetic_dummy,20261009,228.14745,112.70803,30.628909,212682.96,80203.967,1,119,578,286,2.0242341,7.4487619,3.6797926,0.37710576,683.58847,218.81305,0.098011419,60.216081,2.4823316,99.048761,8.0081204,34.49353
DUMMY_PART_0081,DUMMY_TRIAL_0081_01,synthetic_dummy,20261009,228.14745,112.70803,30.628909,212682.96,80203.967,1,119,578,286,2.0242341,7.4487619,3.6797926,0.37710576,680.46376,212.15786,0.097803228,61.937876,2.4514979,123.46853,7.628358,35.587816
DUMMY_PART_0082,DUMMY_TRIAL_0082_00,synthetic_dummy,20261009,193.24662,125.46361,38.858935,553103.58,94082.343,3,92,520,168,1.5402603,4.9730291,3.228694,0.17009896,677.76604,219.192,0.082835872,63.416791,2.3957907,111.01016,7.80068,37.428796
DUMMY_PART_0082,DUMMY_TRIAL_0082_01,synthetic_dummy,20261009,193.24662,125.46361,38.858935,553103.58,94082.343,3,92,520,168,1.5402603,4.9730291,3.228694,0.17009896,677.73045,216.42983,0.080296843,66.962747,2.38931,111.72255,8.0291178,40.190974
DUMMY_PART_0083,DUMMY_TRIAL_0083_00,synthetic_dummy,20261009,253.92583,145.87894,31.910985,410105.95,109875.85,3,230,437,38,1.7406614,7.9573173,4.5714333,0.26792065,682.45108,215.18568,0.098303251,61.636986,2.1657486,116.12897,8.1108383,36.087155
DUMMY_PART_0083,DUMMY_TRIAL_0083_01,synthetic_dummy,20261009,253.92583,145.87894,31.910985,410105.95,109875.85,3,230,437,38,1.7406614,7.9573173,4.5714333,0.26792065,680.15399,223.3111,0.096130803,65.181758,2.4457547,130.81035,7.7645677,36.639866
DUMMY_PART_0084,DUMMY_TRIAL_0084_00,synthetic_dummy,20261009,182.11773,51.637285,33.562027,77591.838,31195.744,2,184,398,173,3.5268649,5.426303,1.5385628,0.4020493,678.51497,209.53603,0.098106852,59.339742,2.4406345,121.9642,7.3005269,33.592441
DUMMY_PART_0084,DUMMY_TRIAL_0084_01,synthetic_dummy,20261009,182.11773,51.637285,33.562027,77591.838,31195.744,2,184,398,173,3.5268649,5.426303,1.5385628,0.4020493,682.10028,210.70583,0.097059908,63.348277,2.3077547,109.25802,6.9841075,35.163366
DUMMY_PART_0085,DUMMY_TRIAL_0085_00,synthetic_dummy,20261009,173.98896,59.064593,113.59928,626594.02,97158.47,3,37,284,161,2.9457404,1.5316026,0.5199381,0.15505809,680.60333,214.6088,0.077202732,59.81468,2.3355463,121.04408,8.001867,36.971484
DUMMY_PART_0085,DUMMY_TRIAL_0085_01,synthetic_dummy,20261009,173.98896,59.064593,113.59928,626594.02,97158.47,3,37,284,161,2.9457404,1.5316026,0.5199381,0.15505809,679.72152,205.85762,0.08567361,63.821249,2.448682,120.77644,7.6954035,35.561758
DUMMY_PART_0086,DUMMY_TRIAL_0086_00,synthetic_dummy,20261009,286.86452,43.295117,87.023778,303925.37,82832.222,3,116,211,115,6.6257939,3.2963924,0.49750905,0.27254132,683.70866,213.65659,0.10404918,65.704502,2.3135965,121.57022,8.7153668,37.235068
DUMMY_PART_0086,DUMMY_TRIAL_0086_01,synthetic_dummy,20261009,286.86452,43.295117,87.023778,303925.37,82832.222,3,116,211,115,6.6257939,3.2963924,0.49750905,0.27254132,681.87449,213.2005,0.10723866,67.556381,2.3288496,128.9988,8.3166602,32.980613
DUMMY_PART_0087,DUMMY_TRIAL_0087_00,synthetic_dummy,20261009,61.444297,140.49451,98.936769,527987.75,71320.906,1,152,141,36,0.43734305,0.62104613,1.4200434,0.13508061,672.40083,206.06909,0.065939651,65.541029,2.3864687,111.44498,5.9066596,37.848935
DUMMY_PART_0087,DUMMY_TRIAL_0087_01,synthetic_dummy,20261009,61.444297,140.49451,98.936769,527987.75,71320.906,1,152,141,36,0.43734305,0.62104613,1.4200434,0.13508061,673.51614,207.28516,0.071901749,63.460363,2.5037142,106.88621,6.6474121,39.191308
DUMMY_PART_0088,DUMMY_TRIAL_0088_00,synthetic_dummy,20261009,304.68271,165.46121,79.041806,1500885.8,174637.29,3,102,180,94,1.8414147,3.8547034,2.093338,0.11635614,678.39014,228.54476,0.10404843,57.280977,2.1533083,116.83742,10.796607,38.776214
DUMMY_PART_0088,DUMMY_TRIAL_0088_01,synthetic_dummy,20261009,304.68271,165.46121,79.041806,1500885.8,174637.29,3,102,180,94,1.8414147,3.8547034,2.093338,0.11635614,683.80126,220.32388,0.1103039,60.846691,2.3230946,115.76515,10.449697,36.919344
DUMMY_PART_0089,DUMMY_TRIAL_0089_00,synthetic_dummy,20261009,60.491251,146.25493,74.662152,121199.91,60779.688,1,142,512,226,0.41360146,0.81019967,1.9588898,0.50148296,673.29406,205.90566,0.0777109,55.224099,2.3467042,132.80378,6.1563379,35.507851
DUMMY_PART_0089,DUMMY_TRIAL_0089_01,synthetic_dummy,20261009,60.491251,146.25493,74.662152,121199.91,60779.688,1,142,512,226,0.41360146,0.81019967,1.9588898,0.50148296,673.67631,201.45973,0.082402611,63.261614,2.4702006,125.37069,5.7850386,35.845917
DUMMY_PART_0090,DUMMY_TRIAL_0090_00,synthetic_dummy,20261009,101.35735,172.72993,109.62647,895901.06,104563.18,1,144,390,107,0.58679669,0.92457006,1.5756225,0.11671287,676.16081,210.71919,0.076245662,65.572281,2.4493044,128.33548,7.7371791,37.794077
DUMMY_PART_0090,DUMMY_TRIAL_0090_01,synthetic_dummy,20261009,101.35735,172.72993,109.62647,895901.06,104563.18,1,144,390,107,0.58679669,0.92457006,1.5756225,0.11671287,678.89179,205.56228,0.074355452,61.569315,2.3693139,118.29722,7.5791009,40.576422
DUMMY_PART_0091,DUMMY_TRIAL_0091_00,synthetic_dummy,20261009,177.72249,99.098885,68.837788,295707.92,85343.811,1,31,483,270,1.7933854,2.5817577,1.4396001,0.28860847,683.35342,210.90942,0.089606528,62.278926,2.2723018,103.48965,7.7931001,36.136073
DUMMY_PART_0091,DUMMY_TRIAL_0091_01,synthetic_dummy,20261009,177.72249,99.098885,68.837788,295707.92,85343.811,1,31,483,270,1.7933854,2.5817577,1.4396001,0.28860847,680.32256,215.016,0.092473369,64.567121,2.3935356,126.19833,7.8265844,35.642109
DUMMY_PART_0092,DUMMY_TRIAL_0092_00,synthetic_dummy,20261009,124.73739,93.243281,34.320104,123509.22,40483.107,2,161,257,186,1.3377627,3.6345282,2.7168706,0.32777397,679.15804,206.97222,0.079403301,62.728375,2.4769177,114.21168,6.5783312,35.549094
DUMMY_PART_0092,DUMMY_TRIAL_0092_01,synthetic_dummy,20261009,124.73739,93.243281,34.320104,123509.22,40483.107,2,161,257,186,1.3377627,3.6345282,2.7168706,0.32777397,681.05223,213.55578,0.08209978,58.563805,2.3371341,126.71872,6.8171681,36.266597
DUMMY_PART_0093,DUMMY_TRIAL_0093_00,synthetic_dummy,20261009,268.23678,127.66583,37.276271,342296.52,83969.71,2,84,335,119,2.1010852,7.1959122,3.4248551,0.24531278,681.65319,217.83396,0.10081335,58.890831,2.2337486,123.33824,8.3834977,35.688373
DUMMY_PART_0093,DUMMY_TRIAL_0093_01,synthetic_dummy,20261009,268.23678,127.66583,37.276271,342296.52,83969.71,2,84,335,119,2.1010852,7.1959122,3.4248551,0.24531278,683.40669,217.08607,0.096389325,63.090841,2.3388441,125.69101,8.7537117,36.438512
DUMMY_PART_0094,DUMMY_TRIAL_0094_00,synthetic_dummy,20261009,123.02929,147.12182,31.747627,137754.08,53108.051,1,190,519,276,0.8362409,3.8752277,4.6341045,0.38552797,676.73861,203.92799,0.090611195,64.883847,2.392455,119.29613,6.3754015,37.459714
DUMMY_PART_0094,DUMMY_TRIAL_0094_01,synthetic_dummy,20261009,123.02929,147.12182,31.747627,137754.08,53108.051,1,190,519,276,0.8362409,3.8752277,4.6341045,0.38552797,678.33002,201.11936,0.091960494,60.230708,2.3289732,120.70962,6.3258371,34.008905
DUMMY_PART_0095,DUMMY_TRIAL_0095_00,synthetic_dummy,20261009,102.88786,150.76389,23.685852,222444.12,38819.322,3,79,233,77,0.68244366,4.343853,6.3651451,0.17451269,674.20727,208.47453,0.070885461,63.178125,2.5009236,115.26253,6.8513293,38.673966
DUMMY_PART_0095,DUMMY_TRIAL_0095_01,synthetic_dummy,20261009,102.88786,150.76389,23.685852,222444.12,38819.322,3,79,233,77,0.68244366,4.343853,6.3651451,0.17451269,675.47012,209.29748,0.07921828,59.820948,2.5185237,128.05112,6.7277037,39.889021
DUMMY_PART_0096,DUMMY_TRIAL_0096_00,synthetic_dummy,20261009,235.44798,120.22599,32.382299,522728.86,102179.68,2,215,120,71,1.9583784,7.2708854,3.7127071,0.19547358,683.19336,224.73338,0.082789628,63.934525,2.5593859,103.29143,8.5305071,37.220091
DUMMY_PART_0096,DUMMY_TRIAL_0096_01,synthetic_dummy,20261009,235.44798,120.22599,32.382299,522728.86,102179.68,2,215,120,71,1.9583784,7.2708854,3.7127071,0.19547358,680.03343,225.26664,0.087361177,62.975652,2.3252863,123.41178,8.5122593,38.138138
DUMMY_PART_0097,DUMMY_TRIAL_0097_00,synthetic_dummy,20261009,272.2458,104.54382,86.463374,1023463,164159.99,3,71,247,192,2.604131,3.1486835,1.209111,0.1603966,682.16618,227.74131,0.099066184,62.50996,2.4073767,119.70035,9.6501273,38.764368
DUMMY_PART_0097,DUMMY_TRIAL_0097_01,synthetic_dummy,20261009,272.2458,104.54382,86.463374,1023463,164159.99,3,71,247,192,2.604131,3.1486835,1.209111,0.1603966,681.95126,215.72684,0.097602583,62.606143,2.2438154,105.49925,9.7459762,37.054085
DUMMY_PART_0098,DUMMY_TRIAL_0098_00,synthetic_dummy,20261009,87.048482,70.865067,25.641756,39065.153,19507.573,1,33,256,222,1.2283694,3.3947941,2.7636589,0.49935995,675.5911,201.88847,0.076762788,60.819083,2.4624494,123.90895,6.1034187,32.076048
DUMMY_PART_0098,DUMMY_TRIAL_0098_01,synthetic_dummy,20261009,87.048482,70.865067,25.641756,39065.153,19507.573,1,33,256,222,1.2283694,3.3947941,2.7636589,0.49935995,679.82474,209.2135,0.073905325,63.489964,2.3785551,124.98235,6.0233384,34.922912
DUMMY_PART_0099,DUMMY_TRIAL_0099_00,synthetic_dummy,20261009,314.57889,85.675961,86.94244,1086961.9,126466.98,2,72,411,268,3.6717287,3.6182431,0.98543313,0.11634904,683.71709,223.22227,0.10176006,62.881514,2.4084329,118.13293,9.9282816,38.490589
DUMMY_PART_0099,DUMMY_TRIAL_0099_01,synthetic_dummy,20261009,314.57889,85.675961,86.94244,1086961.9,126466.98,2,72,411,268,3.6717287,3.6182431,0.98543313,0.11634904,680.74351,216.94479,0.10144741,66.865469,2.3455487,112.93092,10.038286,35.838781
DUMMY_PART_0100,DUMMY_TRIAL_0100_00,synthetic_dummy,20261009,211.86039,25.17216,109.87298,141975.27,73491.533,2,134,464,301,8.4164565,1.9282301,0.22910236,0.51763616,680.28354,212.35552,0.093971413,61.260092,2.3748271,131.37447,7.6271987,35.4138
DUMMY_PART_0100,DUMMY_TRIAL_0100_01,synthetic_dummy,20261009,211.86039,25.17216,109.87298,141975.27,73491.533,2,134,464,301,8.4164565,1.9282301,0.22910236,0.51763616,681.55709,217.58663,0.091129356,58.097197,2.2024846,122.64455,7.5120207,34.213351
DUMMY_PART_0101,DUMMY_TRIAL_0101_00,synthetic_dummy,20261009,317.96101,106.70473,43.979872,851749.39,91244.962,1,171,56,170,2.9798212,7.2296938,2.4262174,0.10712654,685.84802,223.91754,0.087724296,62.508041,2.498303,122.62619,10.014337,36.145981
DUMMY_PART_0101,DUMMY_TRIAL_0101_01,synthetic_dummy,20261009,317.96101,106.70473,43.979872,851749.39,91244.962,1,171,56,170,2.9798212,7.2296938,2.4262174,0.10712654,685.29502,221.06622,0.10192744,62.789356,2.3559825,110.40111,9.7417425,39.630503
DUMMY_PART_0102,DUMMY_TRIAL_0102_00,synthetic_dummy,20261009,306.5988,58.540889,52.412984,216854.98,63759.094,1,55,196,164,5.2373444,5.8496726,1.1169158,0.2940172,684.25192,216.09156,0.1141128,62.06815,2.3657541,127.06893,8.2340203,36.816605
DUMMY_PART_0102,DUMMY_TRIAL_0102_01,synthetic_dummy,20261009,306.5988,58.540889,52.412984,216854.98,63759.094,1,55,196,164,5.2373444,5.8496726,1.1169158,0.2940172,683.05065,225.34458,0.1066864,61.574419,2.4711643,120.02153,8.8047569,35.209258
DUMMY_PART_0103,DUMMY_TRIAL_0103_00,synthetic_dummy,20261009,120.81919,50.063849,44.003404,75870.449,36017.883,2,159,206,87,2.4133021,2.7456784,1.1377267,0.47472874,676.96757,208.2732,0.080489662,59.12381,2.4070355,115.39073,6.5142946,34.469621
DUMMY_PART_0103,DUMMY_TRIAL_0103_01,synthetic_dummy,20261009,120.81919,50.063849,44.003404,75870.449,36017.883,2,159,206,87,2.4133021,2.7456784,1.1377267,0.47472874,678.37059,207.10373,0.081640695,62.93974,2.5350925,115.27559,6.8322367,33.774036
DUMMY_PART_0104,DUMMY_TRIAL_0104_00,synthetic_dummy,20261009,92.631485,146.79232,92.483983,283636.77,76381.313,2,120,88,222,0.63103768,1.0015949,1.5872189,0.2692927,676.17107,205.68276,0.07237084,59.171423,2.4203156,131.44941,6.7105449,35.910839
DUMMY_PART_0104,DUMMY_TRIAL_0104_01,synthetic_dummy,20261009,92.631485,146.79232,92.483983,283636.77,76381.313,2,120,88,222,0.63103768,1.0015949,1.5872189,0.2692927,673.50277,208.22025,0.079483171,60.266667,2.3980938,121.69757,6.5444997,33.282036
DUMMY_PART_0105,DUMMY_TRIAL_0105_00,synthetic_dummy,20261009,162.01276,33.791884,81.858915,164046.68,41645.98,2,207,440,43,4.7944283,1.9791706,0.41280639,0.25386664,677.75799,212.54913,0.084321951,59.829436,2.3295894,121.68059,6.9650579,35.6276
DUMMY_PART_0105,DUMMY_TRIAL_0105_01,synthetic_dummy,20261009,162.01276,33.791884,81.858915,164046.68,41645.98,2,207,440,43,4.7944283,1.9791706,0.41280639,0.25386664,678.1248,211.97386,0.083650006,62.184801,2.4144057,123.69908,6.8805194,36.376443
DUMMY_PART_0106,DUMMY_TRIAL_0106_00,synthetic_dummy,20261009,92.794577,26.536936,79.101691,97777.272,25737.03,2,87,262,213,3.4968083,1.1731048,0.33547875,0.26322099,676.8418,207.74527,0.07466093,61.436396,2.6470238,111.39008,6.1081551,38.360171
DUMMY_PART_0106,DUMMY_TRIAL_0106_01,synthetic_dummy,20261009,92.794577,26.536936,79.101691,97777.272,25737.03,2,87,262,213,3.4968083,1.1731048,0.33547875,0.26322099,679.59708,211.47787,0.074155627,57.561098,2.4293345,116.77777,6.104107,36.990105
DUMMY_PART_0107,DUMMY_TRIAL_0107_00,synthetic_dummy,20261009,130.47681,127.98685,83.90091,791903.54,68975.372,1,209,153,78,1.0194548,1.5551299,1.5254525,0.087100724,679.66633,208.27994,0.074228391,61.908259,2.5692169,109.59104,7.6403574,38.078553
DUMMY_PART_0107,DUMMY_TRIAL_0107_01,synthetic_dummy,20261009,130.47681,127.98685,83.90091,791903.54,68975.372,1,209,153,78,1.0194548,1.5551299,1.5254525,0.087100724,675.51006,210.48253,0.070181143,64.905192,2.4329759,119.14191,7.7878741,37.940165
DUMMY_PART_0108,DUMMY_TRIAL_0108_00,synthetic_dummy,20261009,272.84589,95.44338,78.250278,860900.18,96144.125,3,233,323,124,2.8587199,3.4868361,1.2197194,0.1116786,681.66253,222.97343,0.087938981,59.730747,2.4543101,119.72566,9.5713825,37.473687
DUMMY_PART_0108,DUMMY_TRIAL_0108_01,synthetic_dummy,20261009,272.84589,95.44338,78.250278,860900.18,96144.125,3,233,323,124,2.8587199,3.4868361,1.2197194,0.1116786,681.8136,225.08887,0.090986304,61.3367,2.3980296,113.40041,9.2229339,37.569516
DUMMY_PART_0109,DUMMY_TRIAL_0109_00,synthetic_dummy,20261009,161.5726,156.88785,25.537479,372890.02,60578.65,1,214,611,47,1.0298605,6.3268813,6.1434354,0.16245715,677.18083,214.8095,0.073680727,58.404579,2.4792339,119.24553,7.782764,36.674106
DUMMY_PART_0109,DUMMY_TRIAL_0109_01,synthetic_dummy,20261009,161.5726,156.88785,25.537479,372890.02,60578.65,1,214,611,47,1.0298605,6.3268813,6.1434354,0.16245715,679.74694,209.88968,0.073900295,65.856234,2.3926313,112.79564,6.8413235,37.412967
DUMMY_PART_0110,DUMMY_TRIAL_0110_00,synthetic_dummy,20261009,132.7972,52.539232,19.823309,81023.246,25777.16,3,233,582,57,2.5275817,6.6990432,2.6503765,0.31814524,676.58157,214.01568,0.078606571,61.972967,2.374343,124.04062,6.217922,35.693998
DUMMY_PART_0110,DUMMY_TRIAL_0110_01,synthetic_dummy,20261009,132.7972,52.539232,19.823309,81023.246,25777.16,3,233,582,57,2.5275817,6.6990432,2.6503765,0.31814524,674.96095,207.8127,0.073388849,65.705823,2.4155795,122.57068,6.4455626,39.648059
DUMMY_PART_0111,DUMMY_TRIAL_0111_00,synthetic_dummy,20261009,276.57866,54.600555,108.27168,587365.06,136161.01,2,168,320,106,5.0654918,2.5544875,0.5042921,0.23181667,681.80646,215.71192,0.10178507,58.688932,2.3833841,118.99664,8.7795046,36.270188
DUMMY_PART_0111,DUMMY_TRIAL_0111_01,synthetic_dummy,20261009,276.57866,54.600555,108.27168,587365.06,136161.01,2,168,320,106,5.0654918,2.5544875,0.5042921,0.23181667,683.20492,217.05203,0.092266654,60.319738,2.3059266,114.99153,9.4312671,35.832512
DUMMY_PART_0112,DUMMY_TRIAL_0112_00,synthetic_dummy,20261009,231.98605,153.55767,61.552393,1213672.9,135072.07,1,184,557,235,1.5107422,3.7689201,2.4947473,0.11129199,680.93885,223.42707,0.090458579,64.661892,2.2767546,107.85493,9.1634789,38.203008
DUMMY_PART_0112,DUMMY_TRIAL_0112_01,synthetic_dummy,20261009,231.98605,153.55767,61.552393,1213672.9,135072.07,1,184,557,235,1.5107422,3.7689201,2.4947473,0.11129199,685.02629,218.48438,0.087737569,62.216628,2.4704804,107.26573,9.1782546,36.196074
DUMMY_PART_0113,DUMMY_TRIAL_0113_00,synthetic_dummy,20261009,93.810124,62.669626,58.989032,211512.64,33828.777,1,211,599,260,1.4968994,1.5902977,1.0623946,0.15993738,674.73453,214.0375,0.062523241,65.236928,2.5597726,101.88347,6.423198,37.95442
DUMMY_PART_0113,DUMMY_TRIAL_0113_01,synthetic_dummy,20261009,93.810124,62.669626,58.989032,211512.64,33828.777,1,211,599,260,1.4968994,1.5902977,1.0623946,0.15993738,675.92468,214.25139,0.067112785,64.132344,2.4443236,115.59639,6.8272375,39.53646
DUMMY_PART_0114,DUMMY_TRIAL_0114_00,synthetic_dummy,20261009,257.41399,157.41177,42.753298,1067868.2,102039.2,1,142,221,199,1.6352906,6.0209154,3.6818627,0.095554118,682.25857,226.6296,0.08659283,67.894759,2.3857087,114.08535,9.4887904,39.545937
DUMMY_PART_0114,DUMMY_TRIAL_0114_01,synthetic_dummy,20261009,257.41399,157.41177,42.753298,1067868.2,102039.2,1,142,221,199,1.6352906,6.0209154,3.6818627,0.095554118,684.62083,225.90937,0.089778247,57.241015,2.4575159,120.949,9.7009041,38.252468
DUMMY_PART_0115,DUMMY_TRIAL_0115_00,synthetic_dummy,20261009,128.63944,129.53708,26.457366,195530.83,54885.101,2,170,504,291,0.9930704,4.862141,4.8960688,0.28069794,678.76592,206.80147,0.077432948,65.001543,2.4239115,112.04669,6.9761864,34.429283
DUMMY_PART_0115,DUMMY_TRIAL_0115_01,synthetic_dummy,20261009,128.63944,129.53708,26.457366,195530.83,54885.101,2,170,504,291,0.9930704,4.862141,4.8960688,0.28069794,682.45286,211.16239,0.085539739,65.068071,2.3637518,113.65276,6.3230396,34.586314
DUMMY_PART_0116,DUMMY_TRIAL_0116_00,synthetic_dummy,20261009,186.99539,162.38533,13.792576,102082.86,63185.972,2,193,478,51,1.1515535,13.557684,11.773387,0.61896749,679.42065,216.62937,0.091810489,60.227416,2.292741,118.94698,7.412535,33.155604
DUMMY_PART_0116,DUMMY_TRIAL_0116_01,synthetic_dummy,20261009,186.99539,162.38533,13.792576,102082.86,63185.972,2,193,478,51,1.1515535,13.557684,11.773387,0.61896749,679.4168,210.51528,0.097034215,57.319591,2.4643326,109.40308,6.9981505,34.94005
DUMMY_PART_0117,DUMMY_TRIAL_0117_00,synthetic_dummy,20261009,91.738568,161.82072,98.063688,654997.21,93367.601,2,167,497,55,0.56691485,0.93549988,1.6501594,0.14254656,675.77404,209.15206,0.073865686,61.175178,2.472537,117.29233,6.8480426,40.79969
DUMMY_PART_0117,DUMMY_TRIAL_0117_01,synthetic_dummy,20261009,91.738568,161.82072,98.063688,654997.21,93367.601,2,167,497,55,0.56691485,0.93549988,1.6501594,0.14254656,675.69317,202.45675,0.07741223,62.352335,2.4706294,105.484,6.9663349,38.295652
DUMMY_PART_0118,DUMMY_TRIAL_0118_00,synthetic_dummy,20261009,286.7503,50.314839,34.531278,177697.42,61683.939,1,192,349,283,5.6991199,8.3040746,1.4570802,0.34712906,681.36889,219.80826,0.09425102,63.13458,2.4065536,114.92467,8.2964707,37.639992
DUMMY_PART_0118,DUMMY_TRIAL_0118_01,synthetic_dummy,20261009,286.7503,50.314839,34.531278,177697.42,61683.939,1,192,349,283,5.6991199,8.3040746,1.4570802,0.34712906,681.29558,219.97159,0.1015075,61.663151,2.2501217,122.93115,8.3442153,32.199499
DUMMY_PART_0119,DUMMY_TRIAL_0119_00,synthetic_dummy,20261009,222.43453,90.913317,79.496103,424612.04,101987.43,3,193,282,250,2.4466661,2.7980558,1.1436198,0.24018968,680.19677,218.77443,0.093729988,60.994216,2.4002618,130.31528,8.1398769,37.484981
DUMMY_PART_0119,DUMMY_TRIAL_0119_01,synthetic_dummy,20261009,222.43453,90.913317,79.496103,424612.04,101987.43,3,193,282,250,2.4466661,2.7980558,1.1436198,0.24018968,680.814,211.74807,0.089503463,61.116336,2.3108372,113.47343,7.7843672,36.162634
